-- phpMyAdmin SQL Dump
-- version 3.3.9
-- http://www.phpmyadmin.net
--
-- Host: localhost
-- Generation Time: Apr 08, 2013 at 04:49 AM
-- Server version: 5.5.8
-- PHP Version: 5.3.5

SET SQL_MODE="NO_AUTO_VALUE_ON_ZERO";


/*!40101 SET @OLD_CHARACTER_SET_CLIENT=@@CHARACTER_SET_CLIENT */;
/*!40101 SET @OLD_CHARACTER_SET_RESULTS=@@CHARACTER_SET_RESULTS */;
/*!40101 SET @OLD_COLLATION_CONNECTION=@@COLLATION_CONNECTION */;
/*!40101 SET NAMES utf8 */;

--
-- Database: `dataminingcricket`
--

-- --------------------------------------------------------

--
-- Table structure for table `match`
--

DROP TABLE IF EXISTS `match`;
CREATE TABLE IF NOT EXISTS `match` (
  `idMatch` int(11) NOT NULL AUTO_INCREMENT,
  `team1` int(11) NOT NULL,
  `team2` int(11) NOT NULL,
  `team1Captain` int(11) DEFAULT NULL,
  `team2Captain` int(11) DEFAULT NULL,
  `team1Coach` int(11) DEFAULT NULL,
  `team2Coach` int(11) DEFAULT NULL,
  `tossWinner` int(11) DEFAULT NULL,
  `teamBatFirst` int(11) DEFAULT NULL,
  `team1Score` int(11) DEFAULT NULL,
  `team1WicketsLost` int(11) DEFAULT NULL,
  `team1OversPlayed` int(11) DEFAULT NULL,
  `team1ExtrasConceded` int(11) DEFAULT NULL,
  `team2Score` int(11) DEFAULT NULL,
  `team2WicketsLost` int(11) DEFAULT NULL,
  `team2OversPlayed` int(11) DEFAULT NULL,
  `team2ExtrasConceded` int(11) DEFAULT NULL,
  `winner` int(11) DEFAULT NULL,
  `margin` varchar(45) DEFAULT NULL,
  `mom` int(11) DEFAULT NULL,
  `date` date DEFAULT NULL,
  `ground` int(11) DEFAULT NULL,
  `tournament` varchar(45) DEFAULT NULL,
  `matchType` varchar(45) DEFAULT NULL,
  PRIMARY KEY (`idMatch`)
) ENGINE=InnoDB  DEFAULT CHARSET=latin1 COMMENT='Table 3:  Match\n\nmatch_id, team1, team2, team1_captain, team' AUTO_INCREMENT=52 ;

--
-- Dumping data for table `match`
--

INSERT INTO `match` (`idMatch`, `team1`, `team2`, `team1Captain`, `team2Captain`, `team1Coach`, `team2Coach`, `tossWinner`, `teamBatFirst`, `team1Score`, `team1WicketsLost`, `team1OversPlayed`, `team1ExtrasConceded`, `team2Score`, `team2WicketsLost`, `team2OversPlayed`, `team2ExtrasConceded`, `winner`, `margin`, `mom`, `date`, `ground`, `tournament`, `matchType`) VALUES
(1, 1, 2, 64, 544, 0, 0, 1, 2, 186, 9, 20, 6, 215, 5, 20, 10, 2, '29 runs', 544, '2009-12-09', 3, '2 match series', '1st match\r'),
(2, 1, 3, 64, 315, 0, 0, 3, 1, 192, 5, 20, 6, 181, 7, 20, 6, 1, '11 runs', 68, '2012-12-28', 2, '2 match series', '2nd match\r'),
(3, 1, 2, 64, 542, 0, 0, 2, 2, 174, 7, 19, 6, 171, 4, 20, 16, 1, '3 wickets', 71, '2009-02-10', 1, 'one-off T-20', 'one-off T-20\r'),
(4, 1, 2, 64, 544, 0, 0, 2, 2, 211, 4, 19, 24, 206, 7, 20, 7, 1, '6 wickets', 68, '2009-12-12', 4, '2 match series', '2nd match\r'),
(5, 1, 2, 64, 544, 0, 0, 1, 1, 163, 5, 20, 1, 167, 5, 20, 9, 2, '5 wickets', 546, '2010-05-11', 5, 'World Cup 2010', 'Super Six Match\r'),
(6, 1, 3, 64, 315, 0, 0, 3, 1, 133, 9, 20, 5, 134, 5, 20, 5, 3, '5 wickets', 315, '2012-12-25', 6, '2 match series', '1st match\r'),
(7, 1, 2, 64, 543, 0, 0, 2, 1, 155, 3, 20, 9, 116, 10, 18, 10, 1, '39 runs', 70, '2012-08-07', 7, 'one-off T-20', 'one-off T-20\r'),
(8, 1, 4, 64, 497, 0, 0, 4, 1, 177, 8, 20, 11, 181, 4, 20, 17, 4, '6 wickets', 497, '2012-12-22', 8, '2 match series', '2nd Match\r'),
(9, 2, 7, 555, 53, 0, 0, 7, 2, 161, 4, 20, 5, 122, 3, 15, 14, 2, '2 runs', 550, '2013-01-28', 9, '2 match series', '2nd Match\r'),
(10, 1, 4, 64, 497, 0, 0, 1, 4, 158, 5, 18, 3, 157, 6, 20, 14, 1, '5 wickets', 68, '2012-12-20', 10, '2 match series', '1st Match\r'),
(11, 2, 3, 543, 315, 0, 0, 2, 2, 139, 4, 20, 11, 123, 7, 20, 8, 2, '16 runs', 543, '2012-10-04', 1, 'World Cup 2012', '1st Semi Final\r'),
(12, 1, 5, 64, 266, 0, 0, 1, 1, 168, 6, 20, 10, 147, 9, 20, 4, 1, '21 runs', 67, '2011-01-09', 11, 'one-off T-20', 'one-off T-20\r'),
(13, 1, 6, 66, 109, 0, 0, 5, 1, 159, 6, 20, 7, 143, 5, 20, 13, 1, '16 runs', 100, '2011-06-04', 12, 'one-off T-20', 'one-off T-20\r'),
(14, 1, 4, 64, 492, 0, 0, 1, 1, 165, 10, 19, 13, 169, 4, 19, 10, 2, '6 wickets', 502, '2011-08-31', 13, 'one-off T-20', 'one-off T-20\r'),
(15, 1, 4, 64, 494, 0, 0, 1, 1, 120, 9, 20, 8, 121, 4, 18, 2, 2, '6 wickets', 495, '2011-10-29', 14, 'one-off T-20', 'one-off T-20\r'),
(16, 1, 7, 64, 55, 0, 0, 1, 7, 140, 6, 20, 3, 171, 4, 20, 10, 2, '31 runs', 53, '2012-02-01', 15, '2 match series', '1st Match\r'),
(17, 1, 7, 64, 55, 0, 0, 7, 7, 135, 2, 19, 4, 131, 10, 19, 4, 1, '8 wickets', 76, '2012-02-03', 9, '2 match series', '2nd Match\r'),
(18, 1, 5, 64, 266, 0, 0, 1, 5, 71, 0, 7, 3, 219, 4, 20, 4, 2, '11 runs', 401, '2012-03-30', 16, 'one-off T-20', 'one-off T-20\r'),
(19, 1, 8, 64, 381, 0, 0, 1, 8, 166, 4, 20, 3, 167, 5, 20, 6, 2, '1run', 363, '2012-09-11', 17, '2 match series', '2nd Match\r'),
(20, 1, 4, 64, 492, 0, 0, 4, 1, 170, 4, 20, 1, 80, 10, 14, 12, 1, '90 runs', 69, '2012-09-23', 1, 'World Cup', 'Group Stage\r'),
(21, 1, 7, 64, 55, 0, 0, 1, 1, 140, 7, 20, 2, 141, 1, 15, 10, 2, '9 wickets', 19, '2012-09-28', 1, 'World Cup', 'Super Six Match\r'),
(22, 1, 3, 64, 315, 0, 0, 3, 3, 129, 2, 17, 12, 128, 10, 19, 3, 1, '8 wickets', 72, '2012-09-30', 1, 'World Cup', 'Super Six Match\r'),
(23, 1, 5, 64, 273, 0, 0, 5, 1, 152, 6, 20, 4, 151, 10, 20, 11, 1, '1 run', 68, '2012-10-02', 1, 'World Cup', 'Super Six Match\r'),
(24, 2, 7, 555, 53, 0, 0, 7, 7, 139, 5, 19, 4, 137, 3, 20, 3, 2, '5 wickets', 32, '2013-01-26', 15, '2-match series', '1st Match\r'),
(25, 2, 8, 546, 363, 0, 0, 2, 8, 6, 0, 2, 7, 74, 7, 14, 0, 0, '-', 0, '2012-10-30', 7, 'One-off match', '1st Match\r'),
(26, 2, 6, 543, 109, 0, 0, 6, 6, 101, 10, 18, 5, 137, 6, 20, 3, 6, '36 runs', 114, '2012-10-07', 1, 'World Cup', 'Final\r'),
(27, 2, 4, 544, 492, 0, 0, 4, 2, 169, 6, 20, 9, 150, 9, 20, 12, 2, '19 runs', 545, '2012-10-01', 7, 'World Cup', 'Group Stage\r'),
(28, 2, 6, 543, 109, 0, 0, 6, 6, 129, 5, 20, 13, 130, 1, 15, 4, 2, '9 wickets', 543, '2012-09-29', 7, 'World Cup', 'Group Stage\r'),
(29, 2, 8, 543, 381, 0, 0, 8, 8, 174, 6, 20, 9, 174, 7, 20, 3, 2, 'one over eliminator', 542, '2012-09-27', 7, 'World Cup', 'Group Stage\r'),
(30, 2, 5, 543, 273, 0, 0, 2, 5, 46, 5, 7, 3, 78, 4, 7, 3, 5, '32 runs', 273, '2012-09-22', 18, 'World Cup', 'Group Stage\r'),
(31, 2, 9, 543, 593, 0, 0, 9, 2, 182, 4, 20, 15, 100, 10, 17, 20, 2, '82 runs', 548, '2012-09-18', 18, 'World Cup', 'Group Stage\r'),
(32, 2, 3, 546, 315, 0, 0, 3, 3, 99, 10, 19, 5, 122, 6, 20, 11, 3, '23 runs', 318, '2012-06-03', 18, '2-match series', '2nd Match\r'),
(33, 2, 3, 546, 315, 0, 0, 2, 2, 132, 7, 20, 19, 95, 10, 17, 8, 2, '37 runs', 550, '2012-06-01', 18, '2-match series', '1st Match\r'),
(34, 2, 7, 542, 22, 0, 0, 2, 2, 157, 9, 20, 8, 149, 9, 20, 10, 2, '8 runs', 548, '2011-08-08', 7, '2-match series', '2nd Match\r'),
(35, 2, 7, 542, 22, 0, 0, 7, 2, 198, 3, 20, 6, 163, 8, 20, 13, 2, '35 runs', 542, '2011-08-06', 7, '2-match series', '1st Match\r'),
(36, 2, 4, 568, 492, 0, 0, 2, 4, 137, 1, 17, 7, 136, 9, 20, 14, 2, '9 wickets', 560, '2010-10-31', 19, 'T20I Match', '1st Match\r'),
(37, 2, 4, 544, 496, 0, 0, 2, 2, 128, 6, 20, 6, 132, 3, 16, 9, 4, '7 wickets', 492, '2010-05-13', 5, 'World Cup 2010', '1st Semi Final\r'),
(38, 2, 7, 544, 1, 0, 0, 7, 7, 87, 10, 16, 5, 168, 5, 20, 6, 7, '81 runs', 22, '2010-05-09', 20, 'World Cup 2010', 'Super Six Match\r'),
(39, 1, 5, 64, 265, 0, 0, 5, 1, 186, 5, 20, 4, 172, 5, 20, 5, 1, '14 runs', 66, '2010-05-02', 5, 'World Cup 2010', 'Group Stage\r'),
(40, 2, 6, 544, 113, 0, 0, 2, 2, 195, 3, 20, 17, 138, 8, 20, 13, 2, '57 runs', 543, '2010-05-07', 20, 'World Cup 2010', 'Super Six Match\r'),
(41, 1, 7, 64, 1, 0, 0, 1, 7, 184, 5, 20, 10, 135, 10, 17, 1, 7, '49 runs', 32, '2010-05-07', 20, 'World Cup 2010', 'Super Six Match\r'),
(42, 2, 9, 544, 592, 0, 0, 2, 2, 173, 7, 20, 2, 29, 1, 5, 14, 2, '14 runs', 543, '2010-05-03', 21, 'World Cup 2010', 'Super Six Match\r'),
(43, 1, 6, 64, 113, 0, 0, 1, 6, 169, 6, 20, 19, 155, 9, 20, 7, 6, '14 runs', 113, '2010-05-09', 20, 'World Cup 2010', 'Super Six Match\r'),
(44, 1, 9, 66, 591, 0, 0, 1, 9, 112, 4, 15, 6, 111, 9, 20, 4, 1, '6 wickets', 71, '2010-06-12', 22, '2 match series', '1st Match\r'),
(45, 2, 8, 544, 384, 0, 0, 8, 8, 148, 8, 20, 4, 170, 4, 20, 5, 8, '22 runs', 388, '2009-09-04', 1, '2 match series', '2nd Match\r'),
(46, 1, 9, 66, 591, 0, 0, 1, 9, 144, 3, 18, 6, 140, 5, 20, 12, 1, '7 wickets', 66, '2010-06-13', 22, '2 match series', '2nd Match\r'),
(47, 1, 8, 64, 384, 0, 0, 8, 1, 162, 8, 20, 8, 166, 3, 19, 6, 8, '7 wickets', 363, '2009-02-25', 23, '2 match series', '1st Match\r'),
(48, 1, 8, 64, 384, 0, 0, 8, 1, 149, 6, 20, 12, 150, 5, 20, 3, 8, '5 wickets', 363, '2009-02-27', 24, '2 match series', '2nd Match\r'),
(49, 1, 10, 64, 650, 0, 0, 1, 1, 180, 5, 20, 6, 155, 8, 20, 5, 1, '25 runs', 89, '2009-06-06', 25, 'World Cup 2009', 'Group Stage\r'),
(50, 1, 6, 64, 113, 0, 0, 1, 1, 153, 7, 20, 6, 156, 3, 18, 5, 6, '7 wickets', 110, '2009-06-12', 26, 'World Cup 2009', 'Super Six Match\r'),
(51, 1, 4, 64, 496, 0, 0, 1, 4, 150, 5, 20, 16, 153, 7, 20, 8, 4, '3 runs', 506, '2009-06-14', 26, 'World Cup 2009', 'Super Six Match\r');

-- --------------------------------------------------------

--
-- Table structure for table `player`
--

DROP TABLE IF EXISTS `player`;
CREATE TABLE IF NOT EXISTS `player` (
  `idPlayer` int(11) NOT NULL,
  `name` varchar(45) DEFAULT NULL,
  `team` varchar(45) DEFAULT NULL,
  `battinghand` varchar(45) DEFAULT NULL,
  `bowlingHand` varchar(45) DEFAULT NULL,
  `bowlingType` varchar(45) DEFAULT NULL,
  `DOB` date DEFAULT NULL,
  PRIMARY KEY (`idPlayer`)
) ENGINE=InnoDB DEFAULT CHARSET=latin1;

--
-- Dumping data for table `player`
--

INSERT INTO `player` (`idPlayer`, `name`, `team`, `battinghand`, `bowlingHand`, `bowlingType`, `DOB`) VALUES
(1, 'MJ Clarke', 'Australia', 'right', 'left', 'Slow left-arm orthodox', '1981-04-02'),
(2, 'AC Gilchrist', 'Australia', 'left', 'right', 'offbreak', '1971-11-14'),
(3, 'JR Hopes', 'Australia', 'right', 'right', ' medium', '1978-10-24'),
(4, 'MEK Hussey', 'Australia', 'left', 'right', ' medium', '1975-05-27'),
(5, 'MS Kasprowicz', 'Australia', 'right', 'right', 'fast medium', '1972-02-10'),
(6, 'SM Katich', 'Australia', 'left', 'left', 'Slow left-arm chinaman', '1975-08-21'),
(7, 'B Lee', 'Australia', 'right', 'right', 'fast', '1976-11-08'),
(8, 'GD McGrath', 'Australia', 'right', 'right', 'fast medium', '1970-02-09'),
(9, 'DR Martyn', 'Australia', 'right', 'right', 'medium', '1971-10-21'),
(10, 'RT Ponting', 'Australia', 'right', 'right', 'medium', '1974-12-19'),
(11, 'A Symonds', 'Australia', 'right', 'right', 'medium/offbreak', '1975-06-09'),
(12, 'JN Gillespie', 'Australia', 'right', 'right', 'fast', '1975-04-19'),
(13, 'ML Hayden', 'Australia', 'left', 'right', 'medium', '1971-10-29'),
(14, 'NW Bracken', 'Australia', 'right', 'left', 'fast medium', '1977-09-12'),
(15, 'SR Clark', 'Australia', 'right', 'right', 'fast medium', '1975-09-28'),
(16, 'BJ Haddin', 'Australia', 'right', '', '', '1977-10-23'),
(17, 'ML Lewis', 'Australia', 'right', 'right', 'fast medium', '1974-06-29'),
(18, 'GB Hogg', 'Australia', 'left', 'left', 'Slow left-arm chinaman', '1971-02-06'),
(19, 'SR Watson', 'Australia', 'right', 'right', 'fast medium', '1981-06-17'),
(20, 'SM Harwood', 'Australia', 'right', 'right', 'fast medium', '1974-03-01'),
(21, 'BW Hilfenhaus', 'Australia', 'right', 'right', 'fast medium', '1983-03-15'),
(22, 'CL White', 'Australia', 'right', 'right', ' Legbreak googly', '1983-08-18'),
(23, 'BJ Hodge', 'Australia', 'right', 'right', 'offbreak', '1974-12-29'),
(24, 'MG Johnson', 'Australia', 'left', 'left', 'fast', '1981-11-02'),
(25, 'AA Noffke', 'Australia', 'right', 'right', 'fast medium', '1977-04-30'),
(26, 'LA Pomersbach', 'Australia', 'left', 'right', 'offbreak', '1984-09-28'),
(27, 'SW Tait', 'Australia', 'right', 'right', 'fast', '1983-02-22'),
(28, 'AC Voges', 'Australia', 'right', 'left', 'Slow left-arm orthodox', '1979-10-04'),
(29, 'DJ Hussey', 'Australia', 'right', 'right', 'offbreak', '1977-07-15'),
(30, 'SE Marsh', 'Australia', 'left', 'left', 'Slow left-arm orthodox', '1983-07-09'),
(31, 'L Ronchi', 'Australia', 'right', '', '', '1981-04-23'),
(32, 'DA Warner', 'Australia', 'left', '', 'Legbreak', '1986-10-27'),
(33, 'CJ Ferguson', 'Australia', 'right', 'right', 'medium', '1984-11-21'),
(34, 'MC Henriques', 'Australia', 'right', 'right', 'fast medium', '1984-02-01'),
(35, 'PM Siddle', 'Australia', 'right', 'right', 'fast medium', '1984-11-25'),
(36, 'B Geeves', 'Australia', 'right', 'right', 'fast medium', '1982-06-13'),
(37, 'B Laughlin', 'Australia', 'right', 'right', 'fast medium', '1982-10-02'),
(38, 'NM Hauritz', 'Australia', 'right', 'right', 'offbreak', '1981-10-18'),
(39, 'MJ North', 'Australia', 'left', 'right', 'offbreak', '1979-07-28'),
(40, 'DP Nannes', 'Australia', 'right', 'left', 'fast', '1976-05-26'),
(41, 'TD Paine', 'Australia', 'right', 'right', 'medium', '1984-12-08'),
(42, 'TR Birt', 'Australia', 'left', 'right', 'medium', '1981-12-09'),
(43, 'SPD Smith', 'Australia', 'right', 'right', 'Legbreak googly', '1989-06-02'),
(44, 'DT Christian', 'Australia', 'right', 'right', 'fast medium', '1983-05-03'),
(45, 'RJ Harris', 'Australia', 'right', 'right', 'fast', '1979-10-11'),
(46, 'SNJ O''Keefe', 'Australia', 'right', 'left', ' Slow left-arm orthodox', '1984-12-09'),
(47, 'JW Hastings', 'Australia', 'right', 'right', 'fast medium', '1985-11-04'),
(48, 'CJ McKay', 'Australia', 'right', 'right', 'fast medium', '1983-02-20'),
(49, 'AJ Finch', 'Australia', 'right', 'left', 'medium', '1986-11-17'),
(50, 'DE Bollinger', 'Australia', 'left', 'left', 'fast medium', '1981-07-24'),
(51, 'PJ Cummins', 'Australia', 'right', 'right', 'fast', '1993-05-08'),
(52, 'JL Pattinson', 'Australia', 'left', 'right', 'fast medium', '1990-05-03'),
(53, 'MS Wade', 'Australia', 'left', 'right', 'medium', '1987-12-28'),
(54, 'MR Marsh', 'Australia', 'right', 'right', 'medium', '1991-10-20'),
(55, 'GJ Bailey', 'Australia', 'right', 'right', 'medium', '1982-09-07'),
(56, 'XJ Doherty', 'Australia', 'left', 'left', 'Slow left-arm orthodox', '1982-11-22'),
(57, 'JP Faulkner', 'Australia', 'right', 'left', 'medium', '1990-04-29'),
(58, 'GJ Maxwell', 'Australia', 'right', 'right', 'offbreak', '1988-10-14'),
(59, 'MA Starc', 'Australia', 'left', 'left', 'fast medium', '1990-01-30'),
(60, 'BCJ Cutting', 'Australia', 'right', 'right', 'fast medium', '1987-01-30'),
(61, 'NM Coulter-Nile', 'Australia', 'right', 'right', 'fast', '1987-10-11'),
(62, 'JR Hazlewood', 'Australia', 'left', 'right', 'fast medium', '1991-01-08'),
(63, 'BJ Rohrer', 'Australia', 'left', '', '', '1981-03-26'),
(64, 'MS Dhoni', 'India', 'right', 'right', 'medium', '1981-07-07'),
(65, 'G Gambhir', 'India', 'left', '', 'legbreak', '1981-10-14'),
(66, 'SK Raina', 'India', 'left', 'right', 'offbreak', '1986-11-27'),
(67, 'RG Sharma', 'India', 'right', 'right', 'offbreak', '1987-04-30'),
(68, 'Yuvraj Singh', 'India', 'left', 'left', 'Slow left-arm orthodox', '1981-12-12'),
(69, 'Harbhajan Singh', 'India', 'right', 'right', 'offbreak', '1980-07-03'),
(70, 'IK Pathan', 'India', 'left', 'left', 'fast medium', '1984-10-27'),
(71, 'YK Pathan', 'India', 'right', 'right', 'offbreak', '1982-11-17'),
(72, 'V Kohli', 'India', 'right', 'right', 'medium', '1988-11-05'),
(73, 'V Sehwag', 'India', 'right', 'right', 'offbreak', '1978-10-20'),
(74, 'R Ashwin', 'India', 'right', 'right', 'offbreak', '1986-09-17'),
(75, 'Z Khan', 'India', 'right', 'left', 'fast medium', '1978-10-07'),
(76, 'RA Jadeja', 'India', 'left', 'left', 'Slow left-arm orthodox', '1988-12-06'),
(77, 'I Sharma', 'India', 'right', 'right', 'fast medium', '1988-09-02'),
(78, 'RV Uthappa', 'India', 'right', 'right', 'medium', '1985-11-11'),
(79, 'P Kumar', 'India', 'right', 'right', 'medium', '1986-10-02'),
(80, 'RP Singh', 'India', 'right', 'left', 'fast medium', '1985-12-06'),
(81, 'S Sreesanth', 'India', 'right', 'right', 'fast medium', '1983-02-06'),
(82, 'AB Dinda', 'India', 'right', 'right', 'fast medium', '1984-03-25'),
(83, 'KD Karthik', 'India', 'right', '', '', '1985-06-01'),
(84, 'A Nehra', 'India', 'right', 'left', 'fast medium', '1979-04-29'),
(85, 'R Vinay Kumar', 'India', 'right', 'right', 'medium', '1984-02-12'),
(86, 'PP Chawla', 'India', 'left', 'right', 'legbreak', '1988-12-24'),
(87, 'AM Rahane', 'India', 'right', 'right', 'medium', '1988-06-05'),
(88, 'M Vijay', 'India', 'right', 'right', 'offbreak', '1984-04-01'),
(89, 'PP Ojha', 'India', 'left', 'left', ' Slow left-arm orthodox', '1984-09-05'),
(90, 'L Balaji', 'India', 'right', 'right', 'fast medium', '1981-09-27'),
(91, 'AB Agarkar', 'India', 'right', 'right', 'fast medium', '1977-12-04'),
(92, 'Joginder Sharma', 'India', 'right', 'right', 'fast medium', '1983-10-23'),
(93, 'MM Patel', 'India', 'right', 'right', 'fast medium', '1983-07-12'),
(94, 'MK Tiwary', 'India', 'right', '', 'Legbreak googly', '1985-11-14'),
(95, 'P Awana', 'India', 'right', 'right', 'medium', '1986-07-19'),
(96, 'B Kumar', 'India', 'right', 'right', 'medium', '1990-02-05'),
(97, 'NV Ojha', 'India', 'right', '', '', '1983-07-20'),
(98, 'PA Patel', 'India', 'left', '', '', '1985-03-09'),
(99, 'R Sharma', 'India', 'right', '', 'Legbreak googly', '1986-11-30'),
(100, 'S Badrinath', 'India', 'right', 'right', 'offbreak', '1980-08-30'),
(101, 'S Dhawan', 'India', 'left', 'right', 'offbreak', '1985-12-05'),
(102, 'R Dravid', 'India', 'right', 'right', 'offbreak', '1973-01-11'),
(103, 'M Kartik', 'India', 'left', 'left', ' Slow left-arm orthodox', '1976-09-11'),
(104, 'A Mishra', 'India', 'right', 'right', 'legbreak', '1982-11-24'),
(105, 'D Mongia', 'India', 'left', 'left', ' Slow left-arm orthodox', '1977-04-17'),
(106, 'SR Tendulkar', 'India', 'right', 'right', 'offbreak/Legbreak googly', '1973-04-24'),
(107, 'S Tyagi', 'India', 'right', 'right', 'medium', '1987-09-17'),
(108, 'UT Yadav', 'India', 'right', 'right', 'fast medium', '1987-10-25'),
(109, 'DJG Sammy', 'West Indies', 'right', 'right', 'fast medium', '1983-12-20'),
(110, 'DJ Bravo', 'West Indies', 'right', 'right', 'fast medium', '1983-10-07'),
(111, 'KA Pollard', 'West Indies', 'right', 'right', 'fast medium', '1987-05-12'),
(112, 'D Ramdin', 'West Indies', 'right', '', '', '1985-03-13'),
(113, 'CH Gayle', 'West Indies', 'left', 'right', 'offbreak', '1979-09-21'),
(114, 'MN Samuels', 'West Indies', 'right', 'right', 'offbreak', '1981-01-05'),
(115, 'S Chanderpaul', 'West Indies', 'left', '', 'legbreak', '1974-08-16'),
(116, 'FH Edwards', 'West Indies', 'right', 'right', 'fast', '1982-02-06'),
(117, 'R Rampaul', 'West Indies', 'left', 'right', 'fast medium', '1984-10-15'),
(118, 'RR Sarwan', 'West Indies', 'right', '', 'legbreak', '1980-06-23'),
(119, 'SJ Benn', 'West Indies', 'left', 'left', 'Slow left-arm orthodox', '1981-07-22'),
(120, 'DR Smith', 'West Indies', 'right', 'right', 'medium', '1983-04-12'),
(121, 'JE Taylor', 'West Indies', 'right', 'right', 'fast', '1984-06-22'),
(122, 'J Charles', 'West Indies', 'right', '', '', '1989-01-14'),
(123, 'ADS Fletcher', 'West Indies', 'right', 'right', 'fast medium', '1987-11-28'),
(124, 'SP Narine', 'West Indies', 'left', 'right', 'offbreak', '1988-05-26'),
(125, 'LMP Simmons', 'West Indies', 'right', 'right', 'fast medium', '1985-01-25'),
(126, 'AD Russell', 'West Indies', 'right', 'right', 'fast', '1988-04-29'),
(127, 'KAJ Roach', 'West Indies', 'right', 'right', 'fast', '1988-06-20'),
(128, 'DM Bravo', 'West Indies', 'left', 'right', 'fast medium', '1989-02-06'),
(129, 'S Badree', 'West Indies', 'right', '', 'legbreak', '1981-03-09'),
(130, 'N Deonarine', 'West Indies', 'left', 'right', 'offbreak', '1983-08-16'),
(131, 'NO Miller', 'West Indies', 'right', 'left', 'Slow left-arm orthodox', '1982-05-16'),
(132, 'RS Morton', 'West Indies', 'right', 'right', 'medium/offbreak', '1978-07-22'),
(133, 'XM Marshall', 'West Indies', 'right', 'right', 'offbreak', '1986-05-27'),
(134, 'DS Smith', 'West Indies', 'left', 'right', 'offbreak', '1981-10-21'),
(135, 'CD Barnwell', 'West Indies', 'right', 'right', 'fast medium', '1987-01-06'),
(136, 'WW Hinds', 'West Indies', 'left', 'right', 'medium', '1986-09-07'),
(137, 'DP Hyatt', 'West Indies', 'right', 'right', 'medium', '1983-03-17'),
(138, 'DBL Powell', 'West Indies', 'right', 'right', 'fast medium', '1978-04-15'),
(139, 'D Bishoo', 'West Indies', 'left', '', 'legbreak', '1985-11-06'),
(140, 'LS Baker', 'West Indies', 'left', 'right', 'fast medium', '1984-09-06'),
(141, 'CS Baugh', 'West Indies', 'right', '', 'legbreak googly', '1982-06-23'),
(142, 'GE Mathurin', 'West Indies', 'left', '', 'Slow left-arm orthodox', '1983-09-23'),
(143, 'DC Thomas', 'West Indies', 'right', 'right', 'medium', '1989-11-12'),
(144, 'AB Barath', 'West Indies', 'right', 'right', 'offbreak', '1990-04-14'),
(145, 'TL Best', 'West Indies', 'right', 'right', 'fast', '1981-08-26'),
(146, 'NE Bonner', 'West Indies', 'right', '', 'legbreak', '1989-01-23'),
(147, 'DO Christian', 'West Indies', 'right', '', '', '1983-05-09'),
(148, 'TM Dowlin', 'West Indies', 'right', 'right', 'offbreak', '1977-02-24'),
(149, 'SE Findlay', 'West Indies', 'left', 'right', 'medium', '1984-03-03'),
(150, 'AR Nurse', 'West Indies', 'right', 'right', 'offbreak', '1988-12-22'),
(151, 'K Santokie', 'West Indies', 'left', 'left', 'medium', '1984-12-20'),
(152, 'MC Bascombe', 'West Indies', 'right', '', '', '1984-01-12'),
(153, 'DE Bernard', 'West Indies', 'right', 'right', 'fast medium', '1981-07-19'),
(154, 'IDR Bradshaw', 'West Indies', 'left', 'left', 'fast medium', '1984-07-09'),
(155, 'CR Brathwaite', 'West Indies', 'right', 'right', 'fast medium', '1988-07-18'),
(156, 'DK Butler', 'West Indies', 'left', 'left', 'fast medium', '1974-07-14'),
(157, 'ST Gabriel', 'West Indies', 'right', 'right', 'fast medium', '1988-04-28'),
(158, 'D Ganga', 'West Indies', 'right', 'right', 'offbreak', '1979-01-14'),
(159, 'RN Lewis', 'West Indies', 'right', '', 'legbreak googly', '1974-09-05'),
(160, 'A Martin', 'West Indies', 'right', '', 'legbreak', '1982-11-18'),
(161, 'BA Parchment', 'West Indies', 'right', 'right', 'offbreak', '1982-06-24'),
(162, 'WKD Perkins', 'West Indies', 'right', '', '', '1986-10-08'),
(163, 'FL Reifer', 'West Indies', 'left', 'right', 'medium', '1972-07-23'),
(164, 'ACL Richards', 'West Indies', 'left', 'right', 'medium', '1983-11-14'),
(165, 'DM Richards', 'West Indies', 'right', 'right', 'medium', '1976-07-16'),
(166, 'GC Tonge', 'West Indies', 'right', 'right', 'fast medium', '1983-01-13'),
(167, 'PW Borren', 'Netherlands', 'right', 'right', 'medium', '1983-08-21'),
(168, 'PM Seelaar', 'Netherlands', 'right', 'left', 'Slow left-arm orthodox', '1987-07-02'),
(169, 'Mudassar Bukhari', 'Netherlands', 'right', 'right', 'fast medium', '1983-12-26'),
(170, 'TN de Grooth', 'Netherlands', 'right', 'right', 'offbreak', '1979-05-14'),
(171, 'AN Kervezee', 'Netherlands', 'right', 'right', 'medium', '1989-09-11'),
(172, 'ES Szwarczynski', 'Netherlands', 'right', 'right', 'medium', '1983-02-13'),
(173, 'DLS van Bunge', 'Netherlands', 'right', '', 'legbreak', '1982-10-19'),
(174, 'RN ten Doeschate', 'Netherlands', 'right', 'right', 'fast medium', '1980-06-30'),
(175, 'E Schiferli', 'Netherlands', 'right', 'right', 'fast medium', '1976-05-17'),
(176, 'W Barresi', 'Netherlands', 'right', 'right', 'offbreak', '1984-05-03'),
(177, 'TLW Cooper', 'Netherlands', 'right', 'right', 'offbreak', '1986-11-26'),
(178, 'DJ Reekers', 'Netherlands', 'right', 'right', 'medium', '1973-05-26'),
(179, 'J Smits', 'Netherlands', 'right', '', '', '1972-06-21'),
(180, 'MR Swart', 'Netherlands', 'right', 'right', 'offbreak', '1982-10-01'),
(181, 'T van der Gugten', 'Netherlands', 'right', 'right', 'fast medium', '1991-02-25'),
(182, 'B Zuiderent', 'Netherlands', 'right', 'right', 'medium', '1977-03-03'),
(183, 'AF Buurman', 'Netherlands', 'right', '', '', '1982-03-21'),
(184, 'TGJ Gruijters', 'Netherlands', 'right', 'right', 'medium', '1991-08-28'),
(185, 'MAA Jamil', 'Netherlands', 'right', 'right', 'fast medium', '1989-08-29'),
(186, 'HJC Mol', 'Netherlands', 'left', 'left', 'medium', '1977-03-29'),
(187, 'SJ Myburgh', 'Netherlands', 'left', 'right', 'offbreak', '1984-02-28'),
(188, 'MBS Jonkman', 'Netherlands', 'right', 'right', 'fast', '1986-03-20'),
(189, 'Mohammad Kashif', 'Netherlands', 'right', 'right', 'offbreak', '1984-12-03'),
(190, 'DP Nannes', 'Netherlands', 'right', 'left', 'fast', '1976-05-16'),
(191, 'GMC Mol', 'Netherlands', 'right', 'right', 'medium', '1983-10-12'),
(192, 'JD Schoonheim', 'Netherlands', 'right', 'right', 'medium', '1981-11-16'),
(193, 'HS Baidwan', 'Canada', 'right', 'right', 'medium', '1987-07-31'),
(194, 'Rizwan Cheema', 'Canada', 'right', 'right', 'medium', '1978-08-15'),
(195, 'S Dhaniram', 'Canada', 'left', 'left', 'Slow left-arm orthodox', '1968-10-17'),
(196, 'H Osinde', 'Canada', 'right', 'right', 'fast medium', '1978-10-17'),
(197, 'H Patel', 'Canada', 'right', '', 'Slow left-arm orthodox', '1991-08-10'),
(198, 'A Bagai', 'Canada', 'right', '', '', '1982-01-26'),
(199, 'U Bhatti', 'Canada', 'left', 'left', 'medium', '1984-01-04'),
(200, 'AM Samad', 'Canada', 'right', 'right', 'offbreak', '1979-05-03'),
(201, 'GEF Barnett', 'Canada', 'left', 'right', 'fast medium', '1984-02-03'),
(202, 'JM Davison', 'Canada', 'right', 'right', 'offbreak', '1970-05-09'),
(203, 'K Jethi', 'Canada', 'right', 'right', 'offbreak', '1983-12-19'),
(204, 'WD Balaji Rao', 'Canada', 'left', '', 'Legbreak Googly', '1978-03-04'),
(205, 'RA Bhatti', 'Canada', 'right', 'right', 'offbreak', '1990-02-18'),
(206, 'RR David', 'Canada', 'right', 'right', 'offbreak', '1975-02-08'),
(207, 'R Gunasekera', 'Canada', 'left', '', 'Legbreak Googly', '1991-07-20'),
(208, 'AS Hansra', 'Canada', 'right', 'right', 'slow', '1984-12-29'),
(209, 'Junaid Siddiqui', 'Canada', 'right', '', 'Legbreak', '1985-03-25'),
(210, 'E Katchay', 'Canada', 'right', 'right', 'fast medium', '1977-12-08'),
(211, 'Khurram Chohan', 'Canada', 'right', 'right', 'fast medium', '1980-02-22'),
(212, 'NR Kumar', 'Canada', 'right', 'right', 'offbreak', '1994-05-21'),
(213, 'AA Mulla', 'Canada', 'right', '', '', '1980-05-05'),
(214, 'ZE Surkari', 'Canada', 'right', 'right', 'medium', '1980-02-26'),
(215, 'TG Gordon', 'Canada', 'left', 'right', 'fast medium', '1982-01-31'),
(216, 'Mohammad Iqbal', 'Canada', 'right', 'right', 'fast medium', '1973-12-31'),
(217, 'S Thuraisingam', 'Canada', 'right', 'right', 'fast medium', '1969-09-11'),
(218, 'Usman Limbada', 'Canada', 'right', 'right', 'medium', '1989-10-02'),
(219, 'Zahid Hussain', 'Canada', 'left', '', 'Slow left-arm orthodox', '1974-12-18'),
(220, 'TC Bastiampillai', 'Canada', 'right', 'right', 'offbreak', '1985-10-28'),
(221, 'IS Billcliff', 'Canada', 'right', 'right', 'medium', '1972-10-26'),
(222, 'S Jyoti', 'Canada', 'right', 'right', 'offbreak', '1973-12-14'),
(223, 'S Keshvani', 'Canada', 'right', 'right', 'offbreak', '1984-05-23'),
(224, 'Arsalan Qadir', 'Canada', 'right', 'right', 'fast medium', '1989-09-15'),
(225, 'MS Aulakh', 'Canada', 'right', 'right', 'fast medium', '1991-11-17'),
(226, 'AS Dean', 'Canada', 'left', 'right', 'offbreak', '1983-02-23'),
(227, 'PA Desai', 'Canada', 'right', '', 'Slow left-arm orthodox', '1990-12-11'),
(228, 'Mohammad Qazi', 'Canada', 'right', 'right', 'slow', '1984-04-23'),
(229, 'Raza-ur-Rehman', 'Canada', 'right', 'left', 'fast medium', '1985-11-05'),
(230, 'SR Welsh', 'Canada', 'right', 'right', 'fast medium', '1974-03-16'),
(231, 'AA Obanda', 'Kenya', 'right', 'right', 'fast medium', '1987-12-25'),
(232, 'CO Obuya', 'Kenya', 'right', '', 'legbreak', '1981-07-27'),
(233, 'HA Varaiya', 'Kenya', 'right', '', 'Slow left-arm orthodox', '1984-04-09'),
(234, 'NN Odhiambo', 'Kenya', 'right', 'right', 'fast medium', '1983-08-07'),
(235, 'JK Kamande', 'Kenya', 'right', 'right', 'offbreak', '1978-12-12'),
(236, 'MA Ouma', 'Kenya', 'right', 'right', 'offbreak', '1982-11-08'),
(237, 'SO Tikolo', 'Kenya', 'right', 'right', 'offbreak', '1971-06-25'),
(238, 'DO Obuya', 'Kenya', 'right', '', '', '1979-08-14'),
(239, 'RR Patel', 'Kenya', 'right', 'right', 'offbreak', '1989-07-12'),
(240, 'RG Aga', 'Kenya', 'right', 'right', 'fast medium', '1984-07-10'),
(241, 'T Mishra', 'Kenya', 'right', 'right', 'fast medium', '1986-12-22'),
(242, 'SO Ngoche', 'Kenya', 'right', '', 'Slow left-arm orthodox', '1989-06-06'),
(243, 'TM Odoyo', 'Kenya', 'right', 'right', 'fast medium', '1978-05-12'),
(244, 'PJ Ongondo', 'Kenya', 'right', 'right', 'fast medium', '1977-02-10'),
(245, 'AO Suji', 'Kenya', 'right', 'right', 'medium', '1976-02-05'),
(246, 'DI Allan', 'Kenya', 'right', 'right', 'fast medium', '1991-10-14'),
(247, 'JO Ngoche', 'Kenya', 'right', 'right', 'offbreak', '1988-01-29'),
(248, 'LN Onyango', 'Kenya', 'right', 'right', 'medium', '1973-09-22'),
(249, 'KO Otieno', 'Kenya', 'right', '', '', '1972-03-11'),
(250, 'RL Bhudia', 'Kenya', 'right', 'right', 'medium', '1984-11-22'),
(251, 'NM Odhiambo', 'Kenya', 'right', 'right', 'fast medium', '1989-03-21'),
(252, 'JS Jesani', 'Kenya', 'right', '', '', '1981-12-28'),
(253, 'E Otieno', 'Kenya', 'right', 'right', 'fast medium', '1988-01-03'),
(254, 'N Boje', 'South Africa', 'left', 'left', 'Slow left-arm orthodox', '1973-03-20'),
(255, 'MV Boucher', 'South Africa', 'right', '-', '-', '1976-12-03'),
(256, 'HH Gibbs', 'South Africa', 'right', '-', '-', '1974-02-23'),
(257, 'JH Kallis', 'South Africa', 'right', 'right', 'fast medium', '1975-10-16'),
(258, 'JM Kemp', 'South Africa', 'right', 'right', 'fast medium', '1977-10-02'),
(259, 'CK Langeveldt', 'South Africa', 'right', 'right', 'fast medium', '1974-12-17'),
(260, 'JA Morkel', 'South Africa', 'left', 'right', 'medium fast', '1981-06-10'),
(261, 'A Nel', 'South Africa', 'right', 'right', 'fast medium', '1977-07-15'),
(262, 'M Ntini', 'South Africa', 'right', 'right', 'fast', '1977-07-06'),
(263, 'SM Pollock', 'South Africa', 'right', 'right', 'fast medium', '1973-07-16'),
(264, 'AG Prince', 'South Africa', 'left', 'right', 'off-break', '1977-05-28'),
(265, 'GS Smith', 'South Africa', 'left', 'right', 'off-break', '1981-02-01'),
(266, 'J Botha', 'South Africa', 'right', 'right', 'off-break', '1982-05-02'),
(267, 'HH Dippenaar', 'South Africa', 'right', '-', '-', '1977-06-14'),
(268, 'AJ Hall', 'South Africa', 'right', 'right', 'fast medium', '1975-07-31'),
(269, 'GJP Kruger', 'South Africa', 'right', 'right', 'medium fast', '1977-01-05'),
(270, 'JA Rudolph', 'South Africa', 'left', '-', '-', '1981-05-04'),
(271, 'M Zondeki', 'South Africa', 'right', 'right', 'fast', '1982-07-25'),
(272, 'LE Bosman', 'South Africa', 'right', '-', '-', '1977-04-14'),
(273, 'AB de Villiers', 'South Africa', 'right', 'right', 'medium fast', '1984-02-17'),
(274, 'ND McKenzie', 'South Africa', 'right ', '-', '-', '1975-11-24'),
(275, 'RJ Peterson', 'South Africa', 'left', 'left', 'left arm orthodox', '1979-08-04'),
(276, 'R Telemachus', 'South Africa', 'right', 'right', 'fast medium', '1973-03-27'),
(277, 'JJ Van der Wath', 'South Africa', 'right', 'right', 'medium fast', '1978-01-10'),
(278, 'T Henderson', 'South Africa', 'right', 'right', 'fast medium', '1974-08-01'),
(279, 'AC Thomas', 'South Africa', 'right', 'right', 'fast medium', '1977-02-09'),
(280, 'MN van Wyk', 'South Africa', 'right', 'left', 'slow left-arm orthodox', '1979-03-20'),
(281, 'M Morkel', 'South Africa', 'left', 'right', 'fast', '1984-10-06'),
(282, 'VD Philander', 'South Africa', 'right', 'right', 'fast medium', '1985-06-24'),
(283, 'JP Duminy', 'South Africa', 'left', 'right', 'off-break', '1984-04-14'),
(284, 'DW Steyn', 'South Africa', 'right', 'right', 'fast', '1983-06-27'),
(285, 'GH Bodi', 'South Africa', 'left', 'left', 'left arm chinaman', '1979-01-04'),
(286, 'JL Ontong', 'South Africa', 'right', 'right', 'off-break', '1980-01-04'),
(287, 'RK Kleinveldt', 'South Africa', 'right', 'right', 'fast medium', '1983-03-15'),
(288, 'J Louw', 'South Africa', 'right', 'right', 'medium fast', '1979-04-12'),
(289, 'LL Tsotsobe', 'South Africa', 'right', 'left', 'fast medium', '1984-03-03'),
(290, 'VB van Jaarsveld', 'South Africa', 'left', 'right', 'medium fast', '1985-02-02'),
(291, 'HM Amla', 'South Africa', 'right', 'right', 'off-break / medium', '1983-03-31'),
(292, 'WD Parnell', 'South Africa', 'left', 'left', 'medium fast', '1989-07-30'),
(293, 'YA Abdulla', 'South Africa', 'left', 'left', 'fast medium', '1983-01-17'),
(294, 'RE van der Merwe', 'South Africa', 'right', 'left', 'left arm orthodox', '1984-12-31'),
(295, 'R McLaren', 'South Africa', 'right', 'right', 'medium fast', '1983-09-02'),
(296, 'HG Kuhn', 'South Africa', 'right', '-', '-', '1984-04-01'),
(297, 'AN Peterson', 'South Africa', 'right', 'right', 'off-break', '1980-11-25'),
(298, 'DA Miller', 'South Africa', 'left', 'right', 'off-break', '1989-06-10'),
(299, 'CA ingram', 'South Africa', 'left', '-', '-', '1985-07-03'),
(300, 'J Theron', 'South Africa', 'right', 'right', 'medium fast', '1985-07-24'),
(301, 'RE Levi', 'South Africa', 'right', 'right', 'medium', '1988-01-14'),
(302, 'M de Lange', 'South Africa', 'right', 'right', 'fast', '1990-10-13'),
(303, 'F Behardien', 'South Africa', 'right', 'right', 'fast medium', '1983-10-09'),
(304, 'D J Vilas', 'South Africa', 'right', '-', '-', '1985-06-10'),
(305, 'F du Plessis', 'South Africa', 'right', 'right', 'legbreak', '1984-07-13'),
(306, 'H Davids', 'South Africa', 'right', 'right', 'medium fast', '1980-01-19'),
(307, 'Q de Kock', 'South Africa', 'left', '-', '-', '1992-12-17'),
(308, 'CH Morris', 'South Africa', 'right', 'right', 'fast medium', '1987-04-30'),
(309, 'AM Phangiso', 'South Africa', 'right', 'left', 'slow left-arm orthodox', '1984-01-21'),
(310, 'KJ Abbott', 'South Africa', 'right', 'right', 'fast medium', '1987-06-18'),
(311, 'Abdul Razzaq', 'Pakistan', 'right', 'right', 'fast medium', '1979-12-02'),
(312, 'Inzamam-ul-Haq', 'Pakistan', 'right', '-', '-', '1970-03-03'),
(313, 'Kamran Akmal', 'Pakistan', 'right', '-', '-', '1982-01-13'),
(314, 'Mohammad Asif', 'Pakistan', 'left', 'right', 'fast medium', '1982-12-20'),
(315, 'Mohammad Hafeez', 'Pakistan', 'right', 'right', 'off-break', '1980-10-17'),
(316, 'Mohammad Yousuf', 'Pakistan', 'right', '-', '-', '1974-08-27'),
(317, 'Naved-ul-Hasan', 'Pakistan', 'right', 'right', 'medium-fast', '1978-02-28'),
(318, 'Shahid Afridi', 'Pakistan', 'right', 'right', 'legbreak', '1980-03-01'),
(319, 'Shoaib Akhtar', 'Pakistan', 'right', 'right', 'fast', '1975-08-13'),
(320, 'Younis Khan', 'Pakistan', 'right', 'right', '"Right-arm medium', '0000-00-00'),
(321, 'Abdur Rehman', 'Pakistan', 'left', 'left', 'left arm orthodox', '1980-03-01'),
(322, 'Imran Nazir', 'Pakistan', 'right', 'right', 'legbreak', '1981-12-16'),
(323, 'Shabbir Ahmed', 'Pakistan', 'right', 'right', 'fast-medium', '1976-04-21'),
(324, 'Iftikhar Anjum', 'Pakistan', 'right', 'right', 'medium', '1980-12-01'),
(325, 'Zulqarnain Haider', 'Pakistan', 'right', '-', '-', '1986-04-23'),
(326, 'Misbah-ul-Haq', 'Pakistan', 'right', 'right', 'legbreak', '1974-05-28'),
(327, 'Salman Butt', 'Pakistan', 'left', 'right', 'off-break', '1984-10-07'),
(328, 'Yasir Arafat', 'Pakistan', 'right', 'right', 'fast', '1982-03-12'),
(329, 'Fawad Alam', 'Pakistan', 'left', 'left', 'left arm orthodox', '1985-10-08'),
(330, 'Umar Gul', 'Pakistan', 'right', 'right', 'fast-medium', '1984-04-14'),
(331, 'Sohail Tanvir', 'Pakistan', 'left', 'left', 'medium-fast', '1984-12-12'),
(332, 'Mansoor Amjad', 'Pakistan', 'right', 'right', 'legbreak', '1987-12-14'),
(333, 'Wahab Riaz', 'Pakistan', 'right', 'left', 'fast-medium', '1985-06-28'),
(334, 'Shoaib Khan', 'Pakistan', 'left', 'right', 'medium-fast', '1985-04-13'),
(335, 'Sohail Khan', 'Pakistan', 'right', 'right', 'medium-fast', '1984-03-06'),
(336, 'Abdur Rauf', 'Pakistan', 'right', 'right', 'fast-medium', '1978-12-09'),
(337, 'Anwar Ali', 'Pakistan', 'right', 'right', 'medium-fast', '1987-11-25'),
(338, 'Khalid Latif', 'Pakistan', 'right', 'right', 'off-break', '1985-11-04'),
(339, 'Ahmed Shehzad', 'Pakistan', 'right', 'right', 'legbreak', '1991-11-23'),
(340, 'Saeed Ajmal', 'Pakistan', 'right', 'right', 'off-break', '1977-10-14'),
(341, 'Mohammad Amir', 'Pakistan', 'left', 'left', 'fast', '1992-04-13'),
(342, 'Shahzaib Hasan', 'Pakistan', 'right', 'right', 'off-break', '1989-12-25'),
(343, 'Umar Akmal', 'Pakistan', 'right', '-', '-', '1990-05-26'),
(344, 'Imran Farhat', 'Pakistan', 'left', 'right', 'legbreak', '1982-05-20'),
(345, 'Sarfraz Ahmed', 'Pakistan', 'right', '-', '-', '1987-05-22'),
(346, 'Mohammad Sami', 'Pakistan', 'right', 'right', 'fast', '1981-02-24'),
(347, 'Asad Shafiq', 'Pakistan', 'right', 'right', 'legbreak', '1986-01-28'),
(348, 'Tanvir Ahmed', 'Pakistan', 'right', 'right', 'fast-medium', '1978-12-20'),
(349, 'Junaid Khan', 'Pakistan', 'right', 'left', 'fast', '1989-12-24'),
(350, 'Mohammad Salman', 'Pakistan', 'right', 'right', 'legbreak', '1981-08-07'),
(351, 'Aizaz Cheema', 'Pakistan', 'right', 'right', 'medium-fast', '1979-09-05'),
(352, 'Rameez Raja(2)', 'Pakistan', 'right', 'right', 'off-break', '1987-07-31'),
(353, 'Yasir Shah', 'Pakistan', 'right', 'right', 'legbreak', '1986-05-02'),
(354, 'Awais Zia', 'Pakistan', 'left', 'right', 'off-break', '1986-09-01'),
(355, 'Hammad Azam', 'Pakistan', 'right', 'right', 'medium', '1991-03-16'),
(356, 'Shakeel Ansar', 'Pakistan', 'right', '-', '-', '1978-11-11'),
(357, 'Nasir Jamshed', 'Pakistan', 'left', '-', '-', '1989-12-06'),
(358, 'Raza Hasan', 'Pakistan', 'right', 'left', 'left arm orthodox', '1992-07-08'),
(359, 'Mohammad Irfan', 'Pakistan', 'right', 'left', 'medium-fast', '1982-06-06'),
(360, 'AR Adams', 'New Zealand', 'right', 'right', 'fast-medium', '1975-07-17'),
(361, 'CL Cairns', 'New Zealand', 'right', 'right', 'fast-medium', '1970-06-13'),
(362, 'SP Fleming', 'New Zealand', 'left', '-', '-', '1973-04-01'),
(363, 'BB McCullum', 'New Zealand', 'right', 'right', 'medium', '1981-09-27'),
(364, 'CD McMillan', 'New Zealand', 'right', 'right', 'medium', '1976-09-13'),
(365, 'HJH Marshall', 'New Zealand', 'right', 'right', 'medium', '1979-02-15'),
(366, 'KD Mills', 'New Zealand', 'right', 'right', 'fast-medium', '1979-03-15'),
(367, 'MS Sinclair', 'New Zealand', 'right', 'right', 'medium', '1975-11-09'),
(368, 'SB Styris', 'New Zealand', 'right', 'right', 'medium', '1975-07-10'),
(369, 'DR Tuffey', 'New Zealand', 'right', 'right', 'fast-medium', '1978-06-11'),
(370, 'JW Wilson', 'New Zealand', 'right', 'right', 'fast-medium', '1973-10-24'),
(371, 'NJ Astle', 'New Zealand', 'right', 'right', 'medium', '1971-09-15'),
(372, 'SE Bond', 'New Zealand', 'right', 'right', 'fast', '1975-06-07'),
(373, 'JAH Marshall', 'New Zealand', 'right', 'right', 'medium', '1979-02-15'),
(374, 'JDP Oram', 'New Zealand', 'right', 'right', 'medium', '1978-07-28'),
(375, 'JS Patel', 'New Zealand', 'right', 'right', 'off-break', '1980-05-07'),
(376, 'JEC Franklin', 'New Zealand', 'left', 'left', 'medium', '1980-11-07'),
(377, 'PG Fulton', 'New Zealand', 'right', 'right', 'medium', '1979-02-01'),
(378, 'L Vincent', 'New Zealand', 'right', 'right', 'medium', '1978-11-11'),
(379, 'MR Gillespie', 'New Zealand', 'right', 'right', 'fast-medium', '1979-10-17'),
(380, 'PD McGlashan', 'New Zealand', 'right', '-', '-', '1979-06-22'),
(381, 'LRPL Taylor', 'New Zealand', 'right', 'right', 'off-break', '1984-03-08'),
(382, 'MJ Mason', 'New Zealand', 'right', 'right', 'fast-medium', '1984-08-27'),
(383, 'CS Martin', 'New Zealand', 'right', 'right', 'fast-medium', '1974-12-10'),
(384, 'DL Vettori', 'New Zealand', 'left', 'left', 'Slow left-arm orthodox', '1979-01-27'),
(385, 'NL McCullum', 'New Zealand', 'right', 'right', 'off-break', '1980-09-01'),
(386, 'GJ Hopkins', 'New Zealand', 'right', '-', '-', '1976-11-24'),
(387, 'JM How', 'New Zealand', 'right', 'right', '"medium', '0000-00-00'),
(388, 'JD Ryder', 'New Zealand', 'left', 'right', 'medium', '1984-08-06'),
(389, 'TG Southee', 'New Zealand', 'right', 'right', 'fast-medium', '1988-12-11'),
(390, 'DR Flynn', 'New Zealand', 'left', 'left', 'left-arm slow orthodox', '1985-04-16'),
(391, 'PA Hitchcock', 'New Zealand', 'right', 'right', 'medium', '1975-01-23'),
(392, 'NT Broom', 'New Zealand', 'right', 'right', 'medium', '1983-11-20'),
(393, 'EP Thompson', 'New Zealand', 'left ', 'left', 'fast-medium', '1979-12-17'),
(394, 'IG Butler', 'New Zealand', 'right', 'right', 'fast', '1981-11-24'),
(395, 'GD Elliott', 'New Zealand', 'right', 'right', 'medium', '1921-03-21'),
(396, 'MJ Guptill', 'New Zealand', 'right', 'right', 'off-break', '1986-09-30'),
(397, 'IE O''Brien', 'New Zealand', 'right', 'right', 'fast-medium', '1976-07-10'),
(398, 'BJ Diamanti', 'New Zealand', 'right', 'right', 'fast-medium', '1981-04-30'),
(399, 'AJ Redmond', 'New Zealand', 'right', 'right', 'legbreak', '1979-09-23'),
(400, 'BJ Watling', 'New Zealand', 'right', '-', '-', '1985-07-09'),
(401, 'PJ Ingram', 'New Zealand', 'right', 'right', 'off-break', '1978-10-25'),
(402, 'AJ McKay', 'New Zealand', 'right', 'right', 'fast-medium', '1980-04-17'),
(403, 'RJ Nicol', 'New Zealand', 'right', 'right', '"medium', '0000-00-00'),
(404, 'DG Brownlie', 'New Zealand', 'right', 'right', 'medium', '1984-07-30'),
(405, 'AF Milne', 'New Zealand', 'right', 'right', 'fast-medium', '1992-04-13'),
(406, 'LJ Woodcock', 'New Zealand', 'left', ' left', 'left-arm slow orthodox', '1982-03-19'),
(407, 'DAJ Bracewell', 'New Zealand', 'right', 'right', 'fast-medium', '1990-09-28'),
(408, 'KS Williamson', 'New Zealand', 'right', 'right', 'off-break', '1990-08-08'),
(409, 'GW Aldridge', 'New Zealand', 'right', 'right', 'fast-medium', '1977-11-15'),
(410, 'MD Bates', 'New Zealand', 'right', 'left', 'fast-medium', '1983-10-11'),
(411, 'C de Grandhomme', 'New Zealand', 'right', 'right', 'fast-medium', '1986-07-22'),
(412, 'RM Hira', 'New Zealand', 'left', 'left', 'left arm slow', '1987-01-23'),
(413, 'AM Ellis', 'New Zealand', 'right', 'right', 'fast-medium', '1982-03-24'),
(414, 'TWM Latham', 'New Zealand', 'right', '-', '-', '1992-04-02'),
(415, 'Corey J Anderson', 'New Zealand', 'left', 'left', 'medium-fast', '1990-12-13'),
(416, 'MJ McClenaghan', 'New Zealand', 'left', 'left', 'medium-fast', '1986-06-11'),
(417, 'C Munro', 'New Zealand', 'left', 'right', 'medium-fast', '1987-03-11'),
(418, 'JDS Neesham', 'New Zealand', 'left', 'right', 'medium-fast', '1990-09-17'),
(419, 'TA Boult', 'New Zealand', 'right', 'left', 'medium-fast', '1989-07-22'),
(420, 'HD Rutherford', 'New Zealand', 'left', '-', '-', '1989-04-27'),
(421, 'JJ Celestine', 'Bermuda', 'right', 'right', 'slow medium', '1973-10-13'),
(422, 'J Edness', 'Bermuda', 'right', '-', '-', '1983-09-13'),
(423, 'CR Foggo', 'Bermuda', 'right', '-', '-', '1982-05-07'),
(424, 'DL Hemp', 'Bermuda', 'left', 'right', 'medium', '1970-11-08'),
(425, 'SKW Kelly', 'Bermuda', 'right', 'right', 'fast-medium', '1988-08-24'),
(426, 'RDM Leverock', 'Bermuda', 'right', 'left', 'orthodox', '1971-07-14'),
(427, 'GH O''Brien', 'Bermuda', 'right', 'right', 'fast-medium', '1984-09-16'),
(428, 'SD Outerbridge', 'Bermuda', 'left', 'right', 'off-break', '1983-05-20'),
(429, 'OL Pitcher', 'Bermuda', 'right', 'right', 'medium', '1983-05-27'),
(430, 'IH Romaine', 'Bermuda', 'right', 'right', 'off-break', '1972-08-08'),
(431, 'RJ Trott', 'Bermuda', 'right', 'right', 'off-break', '1987-09-08'),
(432, 'OO Bascome', 'Bermuda', 'right', 'right', 'medium', '1988-03-08'),
(433, 'KC Hodsoll', 'Bermuda', 'right', 'right', 'fast-medium', '1988-11-24'),
(434, 'TE Tucker', 'Bermuda', 'right', 'right', 'off-break', '1988-12-10'),
(435, 'AC Botha', 'Ireland', 'left', 'right', 'medium', '1975-09-12'),
(436, 'PC Connell', 'Ireland', 'right', 'right', 'medium-fast', '1981-08-13'),
(437, 'AR Cusack', 'Ireland', 'right', 'right', 'medium-fast', '1980-10-29'),
(438, 'DT Johnston', 'Ireland', 'right', 'right', 'fast-medium', '1974-04-29'),
(439, 'WK McCallan', 'Ireland', 'right', 'right', 'off-break', '1975-08-27'),
(440, 'KJ O''Brien', 'Ireland', 'right', 'right', 'medium-fast', '1984-03-04'),
(441, 'NJ O''Brien', 'Ireland', 'left', '-', '-', '1981-11-08'),
(442, 'WTS Porterfield', 'Ireland', 'left', 'right', 'off-break', '1984-09-06'),
(443, 'R Strydom', 'Ireland', 'left', 'left', 'medium-fast', '1977-06-16'),
(444, 'AR White', 'Ireland', 'right', 'right', 'off-break', '1980-07-03'),
(445, 'GC Wilson', 'Ireland', 'right', '-', '-', '1986-02-05'),
(446, 'JP Bray', 'Ireland', 'left', '-', '-', '1973-11-30'),
(447, 'JF Mooney', 'Ireland', 'left', 'right', 'medium', '1982-02-10'),
(448, 'WB Rankin', 'Ireland', 'left', 'right', 'medium-fast', '1984-07-05'),
(449, 'RM West', 'Ireland', 'left', 'left', '"fast-medium', '0000-00-00'),
(450, 'PR Stirling', 'Ireland', 'right', 'right', 'off-break', '1990-09-03'),
(451, 'GH Dockrell', 'Ireland', 'right', 'left', 'left arm orthodox', '1992-07-22'),
(452, 'PS Eaglestone', 'Ireland', 'left', 'left', 'medium', '1982-06-17'),
(453, 'GE Kidd', 'Ireland', 'left', 'left', 'orthodox', '1985-09-18'),
(454, 'NG Jones', 'Ireland', 'right', 'right', 'medium', '1982-04-22'),
(455, 'EC Joyce', 'Ireland', 'left', 'right', 'medium', '1978-09-22'),
(456, 'RD McCann', 'Ireland', 'right', '-', '-', '1985-01-11'),
(457, 'MC Sorensen', 'Ireland', 'right', 'right', 'medium', '1985-11-18'),
(458, 'AD Poynter', 'Ireland', 'right', 'right', 'off-break', '1987-04-25'),
(459, 'TJ Murtagh', 'Ireland', 'left', 'right', 'medium-fast', '1981-08-02'),
(460, 'JAR Blain', 'Scotland', 'right', 'right', 'fast-medium', '1979-01-04'),
(461, 'DR Brown', 'Scotland', 'right', 'right', 'fast-medium', '1969-10-29'),
(462, 'GM Hamilton', 'Scotland', 'left', 'right', 'medium-fast', '1974-09-16'),
(463, 'RM Haq', 'Scotland', 'left', 'left', 'off-break', '1983-02-11'),
(464, 'NFI McCallum', 'Scotland', 'right', '-', '-', '1977-11-22'),
(465, 'JD Nel', 'Scotland', 'right', 'right', 'medium-fast', '1980-06-06'),
(466, 'NS Poonia', 'Scotland', 'right', 'right', 'fast-medium', '1986-05-11'),
(467, 'CJO Smith', 'Scotland', 'right', '-', '-', '1972-09-27'),
(468, 'RR Watson', 'Scotland', 'right', 'right', '"right-arm medium', '0000-00-00'),
(469, 'DF Watts', 'Scotland', 'right', 'right', 'medium', '1979-06-05'),
(470, 'CM Wright', 'Scotland', 'right', 'right', 'medium', '1974-04-28'),
(471, 'RD Berrington', 'Scotland', 'right', 'right', 'medium-fast', '1987-04-03'),
(472, 'KJ Coetzer', 'Scotland', 'right', 'right', 'medium-fast', '1984-04-14'),
(473, 'GD Drummond', 'Scotland', 'right', 'right', 'medium-fast', '1980-04-21'),
(474, 'GI Maiden', 'Scotland', 'right', 'right', 'off-break', '1979-07-22'),
(475, 'GA Rogers', 'Scotland', 'right', 'slow', 'left arm orthodox', '1977-04-12'),
(476, 'CS MacLeod', 'Scotland', 'right', 'right', 'medium-fast', '1988-11-15'),
(477, 'JH Stander', 'Scotland', 'right', 'right', 'medium-fast', '1982-01-04'),
(478, 'G Goudie', 'Scotland', 'right', 'right', 'fast-medium', '1987-08-12'),
(479, 'RT Lyons', 'Scotland', 'left', 'left', 'Slow left-arm orthodox', '1984-12-08'),
(480, 'SJS Smith', 'Scotland', 'right', '-', '-', '1979-12-08'),
(481, 'R Flannigan', 'Scotland', 'right', 'right', 'medium', '1988-06-30'),
(482, 'PL Mommsen', 'Scotland', 'right', 'right', 'off-break', '0000-00-00'),
(483, 'S Sharif', 'Scotland', 'right', 'right', 'medium', '1991-05-24'),
(484, 'CD Wallace', 'Scotland', 'right', '-', '-', '1990-06-27'),
(485, 'MA Parker', 'Scotland', 'left', 'right', 'medium', '1990-03-02'),
(486, 'MM Iqbal', 'Scotland', 'right', 'right', 'legbreak', '1986-02-28'),
(487, 'JH Davey', 'Scotland', 'right', 'right', 'medium', '1990-08-03'),
(488, 'NM Carter', 'Scotland', 'left', 'left', 'medium-fast', '1975-01-29'),
(489, 'MW Machan', 'Scotland', 'left', 'right', 'off-break', '1981-02-15'),
(490, 'D Murphy', 'Scotland', 'right', '-', '-', '1989-06-24'),
(491, 'I Wardlaw', 'Scotland', 'right', 'right', 'medium', '1985-06-29'),
(492, 'SCJ Broad', 'England', 'left', 'right', 'fast medium', '1986-06-24'),
(493, 'LJ Wright', 'England', 'right', 'right', 'fast medium', '1985-03-07'),
(494, 'GP Swann', 'England', 'right', 'right', 'offbreak', '1979-03-24'),
(495, 'KP Pietersen', 'England', 'right', 'right', 'offbreak', '1980-06-27'),
(496, 'PD Collingwood', 'England', 'right', 'right', 'medium', '1976-05-26'),
(497, 'EJG Morgan', 'England', 'left', 'right', 'medium', '1986-09-10'),
(498, 'TT Bresnan', 'England', 'right', 'right', 'fast medium', '1985-02-28'),
(499, 'C Kieswetter', 'England', 'right', 'right', 'slow', '1987-11-28'),
(500, 'RS Bopara', 'England', 'right', 'right', 'medium', '1985-05-04'),
(501, 'JC Buttler', 'England', 'right', '-', '-', '1990-09-08'),
(502, 'JW Dernbach', 'England', 'right', 'right', 'fast medium', '1986-04-03'),
(503, 'JM Anderson', 'England', 'left', 'right', 'fast medium', '1982-07-30'),
(504, 'JM Bairstow', 'England', 'right', 'right', '-', '1989-09-26'),
(505, 'SR Patel', 'England', 'right', 'left', 'slow', '1984-11-30'),
(506, 'RJ Sidebottom', 'England', 'left', 'left', 'fast medium', '1978-01-15'),
(507, 'AD Hales', 'England', 'right', 'right', 'medium', '1989-01-03'),
(508, 'OA Shah', 'England', 'right', 'right', 'offbreak', '1978-10-22'),
(509, 'ST Finn', 'England', 'right', 'right', 'fast medium', '1989-04-04'),
(510, 'MJ Lumb', 'England', 'left', 'right', 'medium', '1980-02-12'),
(511, 'AD Mascarenhas', 'England', 'right', 'right', 'fast medium', '1977-10-30'),
(512, 'MH Yardy', 'England', 'left', 'right', 'slow', '1980-11-27'),
(513, 'MJ Prior', 'England', 'right', '-', '-', '1982-02-26'),
(514, 'IR Bell', 'England', 'right', 'right', 'medium', '1982-04-11'),
(515, 'A Flintoff', 'England', 'right', 'right', 'fast', '1977-12-06'),
(516, 'IJL Trott', 'England', 'left', 'right', 'medium', '1981-04-22'),
(517, 'SM Davies', 'England', 'left', '-', '-', '1986-06-17'),
(518, 'JL Denly', 'England', 'right', 'right', 'Legbreak', '1986-03-16'),
(519, 'JS Foster', 'England', 'right', '-', '-', '1980-04-15'),
(520, 'AU Rashid', 'England', 'right', 'right', 'Legbreak', '1988-02-17'),
(521, 'JC Tredwell', 'England', 'left', 'right', 'offbreak', '1982-02-27'),
(522, 'AN Cook', 'England', 'left', 'right', 'slow', '1984-12-25'),
(523, 'DL Maddy', 'England', 'right', 'right', 'medium', '1974-05-23'),
(524, 'SI Mahmood', 'England', 'right', 'right', 'fast medium', '1981-12-21'),
(525, 'CP Schofield', 'England', 'left', 'left', 'Legbreak', '1978-10-06'),
(526, 'AJ Strauss', 'England', 'left', 'left', 'medium', '1977-03-02'),
(527, 'DR Briggs', 'England', 'right', 'left', 'slow', '1991-04-30'),
(528, 'JWM Dalrymple', 'England', 'right', 'right', 'offbreak', '1981-01-21'),
(529, 'A Shahzad', 'England', 'right', 'right', 'fast medium', '1985-07-27'),
(530, 'VS Solanki', 'England', 'right', 'right', 'offbreak', '1976-04-01'),
(531, 'ME Trescothick', 'England', 'left', 'right', 'medium', '1975-12-25'),
(532, 'CR Woakes', 'England', 'right', 'right', 'medium', '1989-03-02'),
(533, 'D Gough', 'England', 'right', 'right', 'fast medium', '1970-09-18'),
(534, 'SJ Harmison', 'England', 'right', 'right', 'medium', '1978-10-23'),
(535, 'GO Jones', 'England', 'right', '-', '-', '1976-07-14'),
(536, 'EC Joyce', 'England', 'left', 'right', 'medium', '1978-09-22'),
(537, 'J Lewis', 'England', 'right', 'right', 'fast medium', '1975-08-26'),
(538, 'SC Meaker', 'England', 'right', 'right', 'fast medium', '1989-01-21'),
(539, 'P Mustard', 'England', 'left', '-', '-', '1982-10-08'),
(540, 'JE Root', 'England', 'right', 'right', 'offbreak', '1990-12-30'),
(541, 'BA Stokes', 'England', 'left', 'right', 'medium', '1991-06-04'),
(542, 'TM Dilshan', 'Srilanka', 'right', 'right', 'offbreak', '1976-10-14'),
(543, 'DPMD Jayawardene', 'Srilanka', 'right', 'right', 'medium', '1977-05-27'),
(544, 'KC Sangakkara', 'Srilanka', 'left', 'right', 'offbreak', '1977-10-27'),
(545, 'SL Malinga', 'Srilanka', 'right', 'right', 'fast', '1983-08-28'),
(546, 'AD Mathews', 'Srilanka', 'right', 'right', 'fast medium', '1987-06-02'),
(547, 'ST Jayasuriya', 'Srilanka', 'left', 'left', 'slow', '1969-06-30'),
(548, 'BAW Mendis', 'Srilanka', 'right', 'right', 'offbreak', '1985-03-11'),
(549, 'KMDN Kulasekara', 'Srilanka', 'right', 'right', 'fast medium', '1982-07-22'),
(550, 'NLTC Perera', 'Srilanka', 'left', 'right', 'fast medium', '1989-04-03'),
(551, 'CK Kapugedera', 'Srilanka', 'right', 'right', 'medium', '1987-02-24'),
(552, 'CRD Fernando', 'Srilanka', 'right', 'right', 'fast medium', '1979-07-19'),
(553, 'J Mubarak', 'Srilanka', 'left', 'right', 'offbreak', '1981-01-10'),
(554, 'LPC Silva', 'Srilanka', 'right', 'right', 'Legbreak', '1979-12-14'),
(555, 'LD Chandimal', 'Srilanka', 'right', 'right', 'offbreak', '1989-11-18'),
(556, 'BMAJ Mendis', 'Srilanka', 'left', 'left', 'Legbreak', '1983-01-15'),
(557, 'M Muralitharan', 'Srilanka', 'right', 'right', 'offbreak', '1972-04-17'),
(558, 'HDRL Thirimanne', 'Srilanka', 'left', 'right', 'fast medium', '1989-09-08'),
(559, 'WU Tharanga', 'Srilanka', 'left', '-', '-', '1985-02-02'),
(560, 'S Randiv', 'Srilanka', 'right', 'right', 'offbreak', '1985-01-30'),
(561, 'MF Maharoof', 'Srilanka', 'right', 'right', 'fast medium', '1984-09-07'),
(562, 'HMRKB Herath', 'Srilanka', 'left', 'left', 'slow', '1978-03-19'),
(563, 'T Thushara', 'Srilanka', 'left', 'left', 'fast medium', '1981-03-01'),
(564, 'I Udana', 'Srilanka', 'right', 'left', 'fast medium', '1988-02-17'),
(565, 'WPUJC Vaas', 'Srilanka', 'left', 'left', 'fast medium', '1974-01-27'),
(566, 'A Dananjaya', 'Srilanka', 'left', 'right', 'offbreak', '1993-10-04'),
(567, 'CU Jayasinghe', 'Srilanka', 'right', 'right', 'medium', '1978-05-19'),
(568, 'SHT Kandamby', 'Srilanka', 'left', 'left', 'Legbreak', '1982-06-04'),
(569, 'ML Udawatte', 'Srilanka', 'left', 'right', 'offbreak', '1986-07-19'),
(570, 'K Weeraratne', 'Srilanka', 'left', 'right', 'fast medium', '1981-01-29'),
(571, 'HMCM Bandara', 'Srilanka', 'right', 'right', 'Legbreak', '1979-12-31'),
(572, 'EMDY Munaweera', 'Srilanka', 'right', 'right', 'offbreak', '1989-04-24'),
(573, 'MDK Perera', 'Srilanka', 'right', 'right', 'offbreak', '1982-07-22'),
(574, 'G Wijekoon', 'Srilanka', 'left', 'left', 'medium', '1976-12-21'),
(575, 'MS Atapattu', 'Srilanka', 'right', 'right', 'Legbreak', '1970-11-22'),
(576, 'LHD Dilhara', 'Srilanka', 'right', 'right', 'fast medium', '1980-07-03'),
(577, 'RMS Eranga', 'Srilanka', 'right', 'right', 'fast medium', '1986-06-23'),
(578, 'HGJM Kulatunga', 'Srilanka', 'right', 'right', 'medium', '1973-11-02'),
(579, 'RAS Lakmal', 'Srilanka', 'right', 'right', 'fast medium', '1987-03-10'),
(580, 'KS Lokuarachchi', 'Srilanka', 'right', 'right', 'Legbreak', '1982-05-20'),
(581, 'MDKJ Perera', 'Srilanka', 'left', '-', '-', '1990-08-17'),
(582, 'PDRL Perera', 'Srilanka', 'left', 'left', 'fast medium', '1977-04-06'),
(583, 'RJMGM Rupasinghe', 'Srilanka', 'left', 'left', 'Legbreak', '1986-03-05'),
(584, 'SMSM Senanayake', 'Srilanka', 'right', 'right', 'offbreak', '1985-02-09'),
(585, 'UWMBCA Welegedara', 'Srilanka', 'right', 'left', 'fast medium', '1981-03-20'),
(586, 'RP Arnold', 'Srilanka', 'left', 'right', 'offbreak', '1973-10-25'),
(587, 'SI de Saram', 'Srilanka', 'right', 'right', 'offbreak', '1973-09-02'),
(588, 'KTGD Prasad', 'Srilanka', 'right', 'right', 'fast medium', '1983-05-30'),
(589, 'M Pushpakumara', 'Srilanka', 'left', 'right', 'offbreak', '1981-09-26'),
(590, 'H Masakadza', 'Zimbabwe', 'right', 'right', 'medium', '1983-08-09'),
(591, 'E Chigumbura', 'Zimbabwe', 'right', 'right', 'fast medium', '1986-03-14'),
(592, 'P Utseya', 'Zimbabwe', 'right', 'right', 'offbreak', '1985-03-26'),
(593, 'BRM Taylor', 'Zimbabwe', 'right', 'right', 'offbreak', '1986-02-06'),
(594, 'CJ Chibhabha', 'Zimbabwe', 'right', 'right', 'medium', '1986-09-06'),
(595, 'T Taibu', 'Zimbabwe', 'right', 'right', 'medium', '1983-05-14'),
(596, 'RW Price', 'Zimbabwe', 'right', 'left', 'slow', '1976-06-12'),
(597, 'CB Mpofu', 'Zimbabwe', 'right', 'right', 'fast medium', '1985-11-27'),
(598, 'S Matsikenyeri', 'Zimbabwe', 'right', 'right', 'offbreak', '1983-05-03'),
(599, 'CK Coventry', 'Zimbabwe', 'right', 'right', 'Legbreak', '1983-03-08'),
(600, 'AG Cremer', 'Zimbabwe', 'right', 'right', 'Legbreak', '1986-09-19'),
(601, 'KM Jarvis', 'Zimbabwe', 'right', 'right', 'fast medium', '1989-02-16'),
(602, 'V Sibanda', 'Zimbabwe', 'right', 'right', 'medium', '1983-10-10'),
(603, 'KM Dabengwa', 'Zimbabwe', 'left', 'left', 'slow', '1980-08-17'),
(604, 'CR Ervine', 'Zimbabwe', 'left', 'right', 'offbreak', '1985-08-19'),
(605, 'MN Waller', 'Zimbabwe', 'right', 'right', 'offbreak', '1984-09-28'),
(606, 'GA Lamb', 'Zimbabwe', 'right', 'right', 'offbreak', '1981-03-04'),
(607, 'C Zhuwao', 'Zimbabwe', 'left', 'left', 'slow', '1984-12-15'),
(608, 'T Maruma', 'Zimbabwe', 'right', 'right', 'Legbreak', '1988-04-19'),
(609, 'SW Masakadza', 'Zimbabwe', 'right', 'right', 'fast medium', '1986-09-04'),
(610, 'T Mupariwa', 'Zimbabwe', 'right', 'right', 'medium', '1985-04-16'),
(611, 'GB Brent', 'Zimbabwe', 'right', 'right', 'medium', '1976-01-13'),
(612, 'F Mutizwa', 'Zimbabwe', 'right', 'right', 'offbreak', '1985-08-24'),
(613, 'RW Chakabva', 'Zimbabwe', 'right', 'right', 'offbreak', '1987-09-20'),
(614, 'TL Chatara', 'Zimbabwe', 'right', 'right', 'fast medium', '1991-02-28'),
(615, 'KO Meth', 'Zimbabwe', 'right', 'right', 'fast medium', '1988-02-08'),
(616, 'N Mushangwe', 'Zimbabwe', 'right', 'right', 'Legbreak', '1991-02-09'),
(617, 'TC Mutombodzi', 'Zimbabwe', 'right', 'right', 'Legbreak', '1990-12-21'),
(618, 'EC Rainsford', 'Zimbabwe', 'right', 'right', 'fast medium', '1984-12-14'),
(619, 'BV Vitori', 'Zimbabwe', 'left', 'left', 'fast medium', '1990-02-22'),
(620, 'AM Blignaut', 'Zimbabwe', 'left', 'right', 'fast medium', '1978-08-01'),
(621, 'AJ Ireland', 'Zimbabwe', 'right', 'right', 'medium', '1984-08-30'),
(622, 'ML Nkala', 'Zimbabwe', 'right', 'right', 'medium', '1981-04-01'),
(623, 'SC Williams', 'Zimbabwe', 'left', 'left', 'slow', '1986-09-26'),
(624, 'Karim Sadiq', 'Afghanistan', 'right', 'right', 'offbreak', '1984-01-05'),
(625, 'Mohammad Nabi', 'Afghanistan', 'right', 'right', 'offbreak', '1985-01-01'),
(626, 'Mohammad Shahzad', 'Afghanistan', 'right', '-', '-', '1988-01-31'),
(627, 'Nawroz Mangal', 'Afghanistan', 'right', 'right', 'offbreak', '1984-07-15'),
(628, 'Samiullah Shenwari', 'Afghanistan', 'right', 'right', 'Legbreak', '1987-02-03'),
(629, 'Mirwais Ashraf', 'Afghanistan', 'right', 'right', 'fast medium', '1988-06-30'),
(630, 'Hamid Hassan', 'Afghanistan', 'right', 'right', 'fast', '1987-06-01'),
(631, 'Shapoor Zadran', 'Afghanistan', 'left', 'left', 'fast medium', '1987-07-08'),
(632, 'Asghar Stanikzai', 'Afghanistan', 'right', 'right', 'fast medium', '1987-12-22'),
(633, 'Noor Ali Zadran', 'Afghanistan', 'right', 'right', 'fast medium', '1988-07-10'),
(634, 'Raees Ahmadzai', 'Afghanistan', 'right', 'right', 'offbreak', '1984-09-03'),
(635, 'Gulbadin Naib', 'Afghanistan', 'right', 'right', 'fast medium', '1991-03-16'),
(636, 'Shafiqullah', 'Afghanistan', 'right', '-', '-', '1989-08-07'),
(637, 'Dawlat Zadran', 'Afghanistan', 'right', 'right', 'fast medium', '1988-03-19'),
(638, 'Izatullah Dawlatzai', 'Afghanistan', 'right', 'right', 'fast medium', '1991-05-10'),
(639, 'Aftab Alam', 'Afghanistan', 'right', 'right', 'fast medium', '1992-11-30'),
(640, 'Dawlat Ahmadzai', 'Afghanistan', 'right', 'right', 'fast medium', '1984-09-05'),
(641, 'Hamza Hotak', 'Afghanistan', 'right', 'left', 'slow', '1991-08-15'),
(642, 'Javed Ahmadi', 'Afghanistan', 'right', 'right', 'offbreak', '1992-01-02'),
(643, 'Najibullah Zadran', 'Afghanistan', 'left', 'right', 'offbreak', '1993-02-28'),
(644, 'Shabir Noori', 'Afghanistan', 'right', 'right', 'offbreak', '1992-02-22'),
(645, 'Zamir Khan', 'Afghanistan', 'left', 'left', 'slow', '1992-03-16'),
(646, 'Mushfiqur Rahim', 'Bangladesh', 'right', '-', '-', '1988-09-01'),
(647, 'Abdur Razzak', 'Bangladesh', 'left', 'left', 'slow', '1982-06-15'),
(648, 'Shakib Al Hasan', 'Bangladesh', 'left', 'left', 'slow', '1987-03-24'),
(649, 'Tamim Iqbal', 'Bangladesh', 'left', '-', '-', '1989-03-20'),
(650, 'Mohammad Ashraful', 'Bangladesh', 'right', 'right', 'offbreak', '1984-07-07'),
(651, 'Mahmudullah', 'Bangladesh', 'right', 'right', 'offbreak', '1986-02-04'),
(652, 'Mashrafe Mortaza', 'Bangladesh', 'right', 'right', 'fast medium', '1983-10-05'),
(653, 'Aftab Ahmed', 'Bangladesh', 'right', 'right', 'medium', '1985-11-10'),
(654, 'Nasir Hossain', 'Bangladesh', 'right', 'right', 'offbreak', '1991-11-30'),
(655, 'Naeem Islam', 'Bangladesh', 'right', 'right', 'offbreak', '1986-12-31'),
(656, 'Shafiul Islam', 'Bangladesh', 'right', 'right', 'fast medium', '1989-10-06'),
(657, 'Ziaur Rahman', 'Bangladesh', 'right', 'right', 'fast medium', '1986-12-02'),
(658, 'Farhad Reza', 'Bangladesh', 'right', 'right', 'fast medium', '1986-06-16'),
(659, 'Syed Rasel', 'Bangladesh', 'left', 'left', 'fast medium', '1984-07-03'),
(660, 'Alok Kapali', 'Bangladesh', 'right', 'right', 'Legbreak', '1984-01-01'),
(661, 'Elias Sunny', 'Bangladesh', 'left', 'left', 'slow', '1986-01-01'),
(662, 'Junaid Siddique', 'Bangladesh', 'left', 'right', 'offbreak', '1987-10-30');
INSERT INTO `player` (`idPlayer`, `name`, `team`, `battinghand`, `bowlingHand`, `bowlingType`, `DOB`) VALUES
(663, 'Nazimuddin', 'Bangladesh', 'right', 'right', 'medium', '1985-10-01'),
(664, 'Rubel Hossain', 'Bangladesh', 'right', 'right', 'fast medium', '1990-01-01'),
(665, 'Raqibul Hasan', 'Bangladesh', 'right', 'right', 'Legbreak', '1987-10-08'),
(666, 'Shahadat Hossain', 'Bangladesh', 'right', 'right', 'fast medium', '1986-08-07'),
(667, 'Abul Hasan', 'Bangladesh', 'left', 'right', 'fast medium', '1992-08-05'),
(668, 'Imrul Kayes', 'Bangladesh', 'left', '-', '-', '1987-02-02'),
(669, 'Nazmul Hossain', 'Bangladesh', 'right', 'right', 'fast medium', '1987-10-05'),
(670, 'Nadif Chowdhury', 'Bangladesh', 'right', 'left', 'slow', '1987-04-21'),
(671, 'Jahurul Islam', 'Bangladesh', 'right', 'right', 'offbreak', '1986-12-12'),
(672, 'Mehrab Hossain jnr', 'Bangladesh', 'left', 'left', 'slow', '1987-07-08'),
(673, 'Anamul Haque', 'Bangladesh', 'right', '-', '-', '1992-12-16'),
(674, 'Dhiman Ghosh', 'Bangladesh', 'right', '-', '-', '1987-11-23'),
(675, 'Mohammad Rafique', 'Bangladesh', 'left', 'left', 'slow', '1970-09-05'),
(676, 'Mominul Haque', 'Bangladesh', 'left', 'left', 'slow', '1991-09-29'),
(677, 'Nazmus Sadat', 'Bangladesh', 'left', 'left', 'slow', '1986-10-18'),
(678, 'Shahriar Nafees', 'Bangladesh', 'left', '-', '-', '1986-01-25'),
(679, 'Sohag Gazi', 'Bangladesh', 'right', 'right', 'offbreak', '1991-08-05'),
(680, 'Suhrawadi Shuvo', 'Bangladesh', 'left', 'left', 'slow', '1988-11-21'),
(681, 'Shoaib Malik', 'Pakistan', 'right', 'right', 'offbreak', '1982-02-01');

-- --------------------------------------------------------

--
-- Table structure for table `scoretable`
--

DROP TABLE IF EXISTS `scoretable`;
CREATE TABLE IF NOT EXISTS `scoretable` (
  `idMatch` int(11) DEFAULT NULL,
  `idPlayer` int(11) DEFAULT NULL,
  `runsScored` int(11) DEFAULT NULL,
  `ballsFaced` int(11) DEFAULT NULL,
  `fours` int(11) DEFAULT NULL,
  `sixes` int(11) DEFAULT NULL,
  `minutes` int(11) DEFAULT NULL,
  `dismissalMode` varchar(45) DEFAULT NULL,
  `wicketTaker` int(11) DEFAULT NULL,
  `oversBowled` int(11) DEFAULT NULL,
  `maidens` int(11) DEFAULT NULL,
  `runsConceded` int(11) DEFAULT NULL,
  `wickets` int(11) DEFAULT NULL,
  `wides` int(11) DEFAULT NULL,
  `noBalls` int(11) DEFAULT NULL,
  `catches` int(11) DEFAULT NULL,
  `stumps` int(11) DEFAULT NULL,
  `runouts` int(11) DEFAULT NULL,
  `isWicketKeeper` varchar(5) DEFAULT NULL,
  `isCaptain` varchar(5) DEFAULT NULL
) ENGINE=InnoDB DEFAULT CHARSET=latin1;

--
-- Dumping data for table `scoretable`
--

INSERT INTO `scoretable` (`idMatch`, `idPlayer`, `runsScored`, `ballsFaced`, `fours`, `sixes`, `minutes`, `dismissalMode`, `wicketTaker`, `oversBowled`, `maidens`, `runsConceded`, `wickets`, `wides`, `noBalls`, `catches`, `stumps`, `runouts`, `isWicketKeeper`, `isCaptain`) VALUES
(1, 542, 34, 0, 33, 5, 0, 'bowled', 67, 1, 0, 14, 1, 0, 0, 1, 0, 0, 'NO', 'YES'),
(1, 547, 26, 0, 20, 5, 0, 'caught', 82, 4, 0, 19, 2, 1, 0, 0, 0, 0, 'NO', 'NO'),
(1, 544, 78, 0, 37, 11, 2, 'run out', 0, 0, 0, 0, 0, 0, 0, 0, 0, 1, 'YES', 'NO'),
(1, 543, 9, 0, 6, 1, 0, 'bowled', 71, 0, 0, 0, 0, 0, 0, 0, 0, 0, 'NO', 'NO'),
(1, 551, 47, 0, 20, 7, 1, 'bowled', 84, 0, 0, 0, 0, 0, 0, 0, 0, 0, 'NO', 'NO'),
(1, 546, 15, 0, 4, 0, 2, 'NO', 0, 4, 0, 30, 2, 1, 0, 1, 0, 0, 'NO', 'NO'),
(1, 567, 0, 0, 0, 0, 0, '', 0, 0, 0, 0, 0, 0, 0, 0, 0, 0, 'NO', 'NO'),
(1, 589, 0, 0, 0, 0, 0, '-', 0, 3, 0, 27, 1, 0, 0, 1, 0, 0, 'NO', 'NO'),
(1, 549, 0, 0, 0, 0, 0, '-', 0, 3, 0, 36, 1, 0, 0, 1, 0, 0, 'NO', 'NO'),
(1, 552, 0, 0, 0, 0, 0, '-', 0, 3, 0, 26, 0, 1, 0, 0, 0, 1, 'NO', 'NO'),
(1, 545, 0, 0, 0, 0, 0, '-', 0, 2, 0, 29, 0, 2, 0, 1, 0, 1, 'NO', 'NO'),
(1, 65, 55, 0, 26, 11, 0, 'bowled', 546, 0, 0, 0, 0, 0, 0, 0, 0, 0, 'NO', 'NO'),
(1, 73, 26, 0, 14, 3, 1, 'caught', 549, 0, 0, 0, 0, 0, 0, 0, 0, 0, 'NO', 'NO'),
(1, 64, 9, 0, 12, 0, 0, 'caught', 547, 0, 0, 0, 0, 0, 0, 0, 0, 0, 'YES', 'YES'),
(1, 68, 6, 0, 8, 0, 0, 'caught', 546, 0, 0, 0, 0, 0, 0, 0, 0, 0, 'NO', 'NO'),
(1, 67, 3, 0, 4, 0, 0, 'runout', 0, 3, 0, 22, 1, 0, 0, 0, 0, 1, 'NO', 'NO'),
(1, 66, 21, 0, 13, 1, 1, 'caught', 589, 0, 0, 0, 0, 0, 0, 0, 0, 0, 'NO', 'NO'),
(1, 71, 0, 0, 2, 0, 0, 'caught', 547, 4, 0, 54, 1, 0, 0, 0, 0, 1, 'NO', 'NO'),
(1, 82, 19, 0, 20, 1, 0, 'bowled', 542, 3, 0, 34, 1, 0, 0, 0, 0, 0, 'NO', 'NO'),
(1, 84, 22, 0, 13, 1, 2, 'runout', 0, 4, 0, 52, 1, 2, 0, 0, 0, 0, 'NO', 'NO'),
(1, 89, 10, 0, 6, 0, 1, 'NO', 0, 2, 0, 27, 0, 0, 0, 0, 0, 0, 'NO', 'NO'),
(1, 77, 5, 0, 2, 1, 0, 'NO', 0, 4, 0, 22, 0, 0, 0, 1, 0, 0, 'NO', 'NO'),
(2, 65, 21, 22, 11, 4, 0, 'lbw', 330, 0, 0, 0, 0, 0, 0, 0, 0, 0, '', ''),
(2, 87, 28, 31, 26, 4, 0, 'caught', 330, 0, 0, 0, 0, 0, 0, 1, 0, 0, '', ''),
(2, 72, 27, 31, 22, 3, 0, 'runout', 0, 0, 0, 0, 0, 0, 0, 2, 0, 0, '', ''),
(2, 68, 72, 59, 36, 4, 7, 'caught', 330, 2, 0, 23, 1, 0, 0, 0, 0, 0, '', ''),
(2, 64, 33, 39, 23, 4, 0, 'bowled', 330, 0, 0, 0, 0, 0, 0, 0, 1, 0, 'y', 'y'),
(2, 66, 1, 4, 1, 0, 0, 'NO', 0, 2, 0, 12, 0, 0, 0, 1, 0, 0, '', ''),
(2, 67, 4, 1, 2, 1, 0, 'NO', 0, 0, 0, 0, 0, 0, 0, 1, 0, 0, '', ''),
(2, 96, 0, 0, 0, 0, 0, '', 0, 4, 0, 46, 1, 2, 0, 0, 0, 0, '', ''),
(2, 74, 0, 0, 0, 0, 0, '', 0, 4, 0, 28, 1, 0, 0, 0, 0, 0, '', ''),
(2, 77, 0, 0, 0, 0, 0, '', 0, 4, 0, 34, 1, 1, 0, 0, 0, 0, '', ''),
(2, 82, 0, 0, 0, 0, 0, '', 0, 4, 0, 36, 3, 0, 0, 0, 0, 0, '', ''),
(2, 357, 41, 38, 32, 4, 1, 'caught', 74, 0, 0, 0, 0, 0, 0, 0, 0, 0, '', ''),
(2, 339, 31, 43, 29, 3, 1, 'stumped', 68, 0, 0, 0, 0, 0, 0, 0, 0, 0, '', ''),
(2, 343, 24, 31, 17, 1, 1, 'bowled', 82, 0, 0, 0, 0, 0, 0, 0, 0, 0, '', ''),
(2, 315, 55, 39, 26, 6, 3, 'caught', 82, 1, 0, 11, 0, 0, 0, 0, 0, 0, '', 'YES'),
(2, 318, 11, 8, 5, 1, 1, 'caught', 96, 3, 0, 33, 0, 0, 0, 0, 0, 0, '', ''),
(2, 313, 5, 6, 3, 1, 0, 'caught', 82, 0, 0, 0, 0, 0, 0, 0, 0, 0, 'YES', ''),
(2, 681, 3, 12, 3, 0, 0, 'NO', 0, 0, 0, 0, 0, 0, 0, 1, 0, 0, '', ''),
(2, 330, 5, 8, 5, 1, 0, 'caught', 77, 4, 0, 37, 4, 0, 1, 1, 0, 0, '', ''),
(2, 331, 0, 0, 0, 0, 0, '', 0, 4, 0, 44, 0, 0, 0, 0, 0, 0, '', ''),
(2, 340, 0, 0, 0, 0, 0, '', 0, 4, 0, 42, 0, 0, 0, 0, 0, 1, '', ''),
(2, 359, 0, 0, 0, 0, 0, '', 0, 4, 0, 20, 0, 0, 0, 0, 0, 0, '', ''),
(3, 542, 61, 74, 47, 3, 1, 'caught', 77, 0, 0, 0, 0, 0, 0, 1, 0, 0, 'YES', 'YES'),
(3, 547, 33, 28, 17, 3, 2, 'caught', 70, 3, 0, 10, 1, 0, 0, 0, 0, 0, 'NO', 'NO'),
(3, 553, 13, 19, 19, 1, 0, 'c&b', 71, 1, 0, 9, 1, 0, 0, 1, 0, 0, 'NO', 'NO'),
(3, 551, 16, 7, 9, 3, 0, 'caught', 55, 0, 0, 0, 0, 0, 0, 0, 0, 1, 'NO', 'NO'),
(3, 554, 21, 31, 18, 2, 1, 'NO', 0, 0, 0, 0, 0, 0, 0, 0, 0, 0, 'NO', 'NO'),
(3, 570, 10, 13, 10, 1, 0, 'NO', 0, 1, 0, 12, 0, 0, 0, 1, 0, 0, 'NO', 'NO'),
(3, 563, 0, 0, 0, 0, 0, '-', 0, 3, 0, 27, 1, 3, 0, 0, 0, 0, 'NO', 'NO'),
(3, 587, 0, 0, 0, 0, 0, '-', 0, 0, 0, 0, 0, 0, 0, 0, 0, 0, 'NO', 'NO'),
(3, 545, 0, 0, 0, 0, 0, '-', 0, 3, 0, 38, 0, 2, 0, 0, 0, 0, 'NO', 'NO'),
(3, 552, 0, 0, 0, 0, 0, '-', 0, 4, 0, 44, 0, 4, 0, 0, 0, 0, 'NO', 'NO'),
(3, 571, 0, 0, 0, 0, 0, '-', 0, 4, 0, 32, 3, 1, 0, 0, 0, 0, 'NO', 'NO'),
(3, 65, 13, 6, 6, 3, 0, 'caught', 563, 0, 0, 0, 0, 0, 0, 0, 0, 0, 'NO', 'NO'),
(3, 73, 1, 4, 1, 0, 0, 'runout', 0, 0, 0, 0, 0, 0, 0, 1, 0, 0, 'NO', 'NO'),
(3, 66, 35, 48, 27, 5, 1, 'caught', 571, 0, 0, 0, 0, 0, 0, 1, 0, 0, 'NO', 'NO'),
(3, 68, 32, 43, 21, 3, 2, 'caught', 0, 0, 0, 0, 0, 0, 0, 0, 0, 0, 'NO', 'NO'),
(3, 64, 13, 17, 17, 1, 0, 'bowled', 571, 0, 0, 0, 0, 0, 0, 0, 0, 0, 'YES', 'YES'),
(3, 67, 4, 13, 11, 0, 0, 'caught', 547, 0, 0, 0, 0, 0, 0, 0, 0, 0, 'NO', 'NO'),
(3, 76, 5, 7, 7, 0, 0, 'bowled', 571, 4, 0, 29, 0, 1, 0, 0, 0, 0, 'NO', 'NO'),
(3, 71, 22, 26, 10, 1, 2, 'NO', 0, 4, 0, 23, 2, 0, 0, 1, 0, 0, 'NO', 'NO'),
(3, 70, 33, 22, 16, 2, 2, 'NO', 0, 4, 0, 34, 1, 2, 0, 0, 0, 0, 'NO', 'NO'),
(3, 77, 0, 0, 0, 0, 0, '-', 0, 4, 0, 40, 1, 2, 0, 1, 0, 0, 'NO', 'NO'),
(3, 75, 0, 0, 0, 0, 0, '-', 0, 4, 0, 34, 0, 0, 0, 0, 0, 0, 'NO', 'NO'),
(4, 542, 1, 5, 3, 0, 0, 'bowled', 77, 1, 0, 10, 0, 0, 0, 0, 0, 0, 'NO', 'NO'),
(4, 547, 31, 39, 21, 5, 1, 'lbw', 71, 0, 0, 0, 0, 0, 0, 0, 0, 0, 'NO', 'NO'),
(4, 544, 59, 48, 31, 8, 2, 'caught', 68, 0, 0, 0, 0, 0, 0, 0, 0, 1, 'YES', 'YES'),
(4, 567, 38, 38, 28, 3, 1, 'caught', 68, 0, 0, 0, 0, 0, 0, 0, 0, 1, 'NO', 'NO'),
(4, 543, 12, 8, 6, 1, 1, 'caught', 77, 0, 0, 0, 0, 0, 0, 0, 0, 0, 'NO', 'NO'),
(4, 551, 2, 4, 4, 0, 0, 'caught', 68, 0, 0, 0, 0, 0, 0, 0, 0, 0, 'NO', 'NO'),
(4, 570, 3, 7, 4, 0, 0, 'runout', 0, 3, 0, 43, 0, 2, 0, 1, 0, 0, 'NO', 'NO'),
(4, 546, 26, 15, 13, 1, 2, 'NO', 0, 3, 0, 49, 0, 0, 0, 0, 0, 0, 'NO', 'NO'),
(4, 549, 10, 14, 10, 0, 0, 'NO', 0, 4, 0, 50, 0, 1, 0, 1, 0, 2, 'NO', 'NO'),
(4, 552, 0, 0, 0, 0, 0, '-', 0, 4, 0, 29, 1, 0, 0, 0, 0, 0, 'NO', 'NO'),
(4, 545, 0, 0, 0, 0, 0, '-', 0, 4, 0, 28, 1, 2, 0, 0, 0, 0, 'NO', 'NO'),
(4, 65, 21, 30, 18, 1, 0, 'runout', 0, 0, 0, 0, 0, 0, 0, 0, 0, 0, 'NO', 'NO'),
(4, 73, 64, 56, 36, 7, 3, 'bowled', 545, 0, 0, 0, 0, 0, 0, 0, 0, 0, 'NO', 'NO'),
(4, 64, 46, 55, 28, 3, 2, 'bowled', 552, 0, 0, 0, 0, 0, 0, 0, 0, 0, 'YES', 'YES'),
(4, 68, 60, 45, 25, 3, 5, 'NO', 0, 3, 0, 23, 3, 1, 0, 0, 0, 0, 'NO', 'NO'),
(4, 66, 9, 9, 7, 2, 0, 'runout', 0, 1, 0, 10, 0, 3, 0, 0, 0, 0, 'NO', 'NO'),
(4, 83, 4, 2, 1, 1, 0, 'NO', 0, 0, 0, 0, 0, 0, 0, 1, 0, 0, 'NO', 'NO'),
(4, 71, 0, 0, 0, 0, 0, '-', 0, 3, 0, 29, 1, 2, 0, 0, 0, 0, 'NO', 'NO'),
(4, 76, 0, 0, 0, 0, 0, '-', 0, 4, 0, 30, 0, 0, 0, 1, 0, 0, 'NO', 'NO'),
(4, 84, 0, 0, 0, 0, 0, '-', 0, 3, 0, 44, 0, 2, 0, 1, 0, 0, 'NO', 'NO'),
(4, 77, 0, 0, 0, 0, 0, '-', 0, 4, 0, 42, 2, 1, 0, 0, 0, 0, 'NO', 'NO'),
(4, 107, 0, 0, 0, 0, 0, '-', 0, 2, 0, 21, 0, 1, 0, 1, 0, 0, 'NO', 'NO'),
(5, 83, 13, 20, 12, 2, 0, 'c&b', 545, 0, 0, 0, 0, 0, 0, 1, 0, 0, 'NO', 'NO'),
(5, 65, 41, 52, 32, 3, 0, 'caught', 545, 0, 0, 0, 0, 0, 0, 0, 0, 0, 'NO', 'NO'),
(5, 66, 63, 61, 47, 7, 1, 'caught', 563, 0, 0, 0, 0, 0, 0, 0, 0, 0, 'NO', 'NO'),
(5, 64, 23, 43, 19, 0, 1, 'NO', 0, 0, 0, 0, 0, 0, 0, 0, 0, 0, 'YES', 'YES'),
(5, 68, 1, 2, 2, 0, 0, 'caught', 563, 1, 0, 6, 0, 0, 0, 1, 0, 0, 'NO', 'NO'),
(5, 71, 13, 10, 9, 2, 0, 'caught', 550, 3, 0, 23, 1, 0, 0, 1, 0, 0, 'NO', 'NO'),
(5, 67, 0, 0, 0, 0, 0, '-', 0, 0, 0, 0, 0, 0, 0, 0, 0, 0, 'NO', 'NO'),
(5, 86, 0, 0, 0, 0, 0, '-', 0, 4, 0, 28, 0, 0, 0, 0, 0, 0, 'NO', 'NO'),
(5, 69, 0, 0, 0, 0, 0, '-', 0, 4, 0, 35, 0, 0, 0, 0, 0, 0, 'NO', 'NO'),
(5, 85, 0, 0, 0, 0, 0, '-', 0, 4, 0, 30, 2, 0, 0, 0, 0, 0, 'NO', 'NO'),
(5, 84, 0, 0, 0, 0, 0, '-', 0, 4, 0, 44, 1, 0, 0, 0, 0, 1, 'NO', 'NO'),
(5, 543, 4, 2, 3, 1, 0, 'caught', 84, 0, 0, 0, 0, 0, 0, 2, 0, 0, 'NO', 'NO'),
(5, 547, 0, 7, 5, 0, 0, 'caught', 85, 1, 0, 12, 0, 0, 0, 0, 0, 0, 'NO', 'NO'),
(5, 542, 33, 30, 26, 5, 0, 'caught', 71, 2, 0, 14, 0, 1, 0, 0, 0, 0, 'NO', 'NO'),
(5, 544, 46, 48, 33, 2, 3, 'bowled', 85, 0, 0, 0, 0, 0, 0, 1, 0, 0, 'YES', 'YES'),
(5, 546, 46, 50, 37, 3, 2, 'runout', 0, 3, 0, 29, 0, 0, 1, 0, 0, 0, 'NO', 'NO'),
(5, 551, 37, 27, 16, 2, 3, 'NO', 0, 0, 0, 0, 0, 0, 0, 0, 0, 0, 'NO', 'NO'),
(5, 550, 0, 1, 0, 0, 0, 'NO', 0, 3, 0, 15, 1, 1, 0, 0, 0, 0, 'NO', 'NO'),
(5, 567, 0, 0, 0, 0, 0, '-', 0, 0, 0, 0, 0, 0, 0, 0, 0, 0, 'NO', 'NO'),
(5, 560, 0, 0, 0, 0, 0, '-', 0, 3, 0, 25, 0, 1, 0, 0, 0, 0, 'NO', 'NO'),
(5, 545, 0, 0, 0, 0, 0, '-', 0, 4, 0, 25, 2, 0, 0, 1, 0, 0, 'NO', 'NO'),
(5, 563, 0, 0, 0, 0, 0, '-', 0, 4, 0, 41, 2, 3, 0, 0, 0, 0, 'NO', 'NO'),
(6, 65, 43, 56, 41, 2, 1, 'runout', 0, 0, 0, 0, 0, 0, 0, 0, 0, 0, '', ''),
(6, 87, 42, 43, 31, 5, 1, 'caught', 318, 0, 0, 0, 0, 0, 0, 0, 0, 0, '', ''),
(6, 72, 9, 15, 11, 1, 0, 'caught', 359, 2, 0, 21, 0, 0, 0, 0, 0, 0, '', ''),
(6, 68, 10, 21, 9, 0, 1, 'caught', 330, 3, 0, 25, 0, 0, 0, 0, 0, 0, '', ''),
(6, 64, 1, 7, 2, 0, 0, 'bowled', 340, 0, 0, 0, 0, 0, 0, 1, 0, 0, 'YES', 'YES'),
(6, 66, 10, 11, 9, 1, 0, 'bowled', 340, 0, 0, 0, 0, 0, 0, 0, 0, 0, '', ''),
(6, 67, 2, 8, 2, 0, 0, 'runout', 0, 0, 0, 0, 0, 0, 0, 0, 0, 0, '', ''),
(6, 76, 2, 4, 4, 0, 0, 'caught', 330, 2, 0, 29, 0, 0, 0, 0, 0, 0, '', ''),
(6, 96, 6, 13, 6, 0, 0, 'NO', 0, 4, 0, 9, 3, 2, 0, 1, 0, 0, '', ''),
(6, 77, 0, 1, 1, 0, 0, 'bowled', 330, 4, 0, 23, 1, 0, 1, 1, 0, 0, '', ''),
(6, 82, 3, 8, 4, 0, 0, 'NO', 0, 4, 0, 26, 1, 0, 0, 0, 0, 0, '', ''),
(6, 357, 2, 3, 6, 0, 0, 'bowled', 96, 0, 0, 0, 0, 0, 0, 0, 0, 0, '', ''),
(6, 339, 5, 11, 7, 1, 0, 'caught', 96, 0, 0, 0, 0, 0, 0, 0, 0, 0, '', ''),
(6, 315, 61, 70, 44, 6, 2, 'caught', 77, 2, 0, 12, 0, 0, 0, 0, 0, 0, '', 'YES'),
(6, 343, 0, 2, 4, 0, 0, 'bowled', 96, 0, 0, 0, 0, 0, 0, 2, 0, 0, '', ''),
(6, 681, 57, 77, 50, 3, 3, 'NO', 0, 0, 0, 0, 0, 0, 0, 0, 0, 1, '', ''),
(6, 313, 1, 10, 6, 0, 0, 'caught', 82, 0, 0, 0, 0, 0, 0, 2, 0, 1, 'YES', ''),
(6, 318, 3, 6, 2, 0, 0, 'NO', 0, 3, 0, 26, 1, 0, 0, 0, 0, 0, '', ''),
(6, 331, 0, 0, 0, 0, 0, '', 0, 4, 0, 22, 0, 0, 0, 0, 0, 1, '', ''),
(6, 330, 0, 0, 0, 0, 0, '', 0, 3, 0, 21, 0, 0, 0, 0, 0, 0, '', ''),
(6, 340, 0, 0, 0, 0, 0, '', 0, 4, 0, 25, 0, 0, 0, 0, 0, 0, '', ''),
(6, 359, 0, 0, 0, 0, 0, '', 0, 4, 0, 25, 1, 0, 0, 0, 0, 0, '', ''),
(7, 65, 6, 7, 8, 1, 0, 'bowled', 577, 0, 0, 0, 0, 0, 0, 0, 0, 0, 'NO', 'NO'),
(7, 87, 21, 46, 25, 0, 1, 'c&b', 556, 0, 0, 0, 0, 0, 0, 0, 0, 0, 'NO', 'NO'),
(7, 72, 68, 65, 48, 11, 1, 'caught', 577, 3, 0, 13, 0, 0, 0, 1, 0, 0, 'NO', 'NO'),
(7, 66, 34, 43, 25, 3, 1, 'NO', 0, 0, 0, 0, 0, 0, 0, 0, 0, 0, 'NO', 'NO'),
(7, 64, 16, 13, 14, 2, 0, 'NO', 0, 0, 0, 0, 0, 0, 0, 2, 0, 0, 'YES', 'YES'),
(7, 67, 0, 0, 0, 0, 0, '-', 0, 1, 0, 9, 0, 1, 0, 0, 0, 0, 'NO', 'NO'),
(7, 94, 0, 0, 0, 0, 0, '-', 0, 0, 0, 0, 0, 0, 0, 0, 0, 1, 'NO', 'NO'),
(7, 70, 0, 0, 0, 0, 0, '-', 0, 4, 0, 23, 3, 3, 0, 0, 0, 0, 'NO', 'NO'),
(7, 74, 0, 0, 0, 0, 0, '-', 0, 4, 0, 22, 1, 1, 0, 1, 0, 0, 'NO', 'NO'),
(7, 108, 0, 0, 0, 0, 0, '-', 0, 3, 0, 24, 1, 2, 0, 0, 0, 0, 'NO', 'NO'),
(7, 82, 0, 0, 0, 0, 0, '-', 0, 3, 1, 19, 4, 0, 0, 0, 0, 0, 'NO', 'NO'),
(7, 543, 26, 22, 19, 5, 0, 'lbw', 70, 0, 0, 0, 0, 0, 0, 0, 0, 0, 'NO', 'YES'),
(7, 542, 0, 4, 1, 0, 0, 'bowled', 70, 0, 0, 0, 0, 0, 0, 0, 0, 0, 'NO', 'NO'),
(7, 559, 5, 7, 4, 0, 0, 'caught', 70, 0, 0, 0, 0, 0, 0, 0, 0, 0, 'NO', 'NO'),
(7, 558, 20, 30, 15, 2, 0, 'bowled', 74, 0, 0, 0, 0, 0, 0, 1, 0, 0, 'NO', 'NO'),
(7, 546, 31, 37, 29, 3, 0, 'caught', 82, 3, 0, 23, 0, 0, 0, 0, 0, 0, 'NO', 'NO'),
(7, 556, 11, 22, 15, 0, 0, 'caught', 108, 2, 0, 13, 1, 0, 0, 1, 0, 0, 'NO', 'NO'),
(7, 555, 7, 20, 11, 1, 0, 'caught', 82, 0, 0, 0, 0, 0, 0, 0, 0, 0, 'YES', 'NO'),
(7, 573, 1, 4, 5, 0, 0, 'runout', 0, 4, 0, 34, 0, 0, 0, 0, 0, 0, 'NO', 'NO'),
(7, 577, 6, 11, 7, 1, 0, 'caught', 82, 4, 0, 30, 2, 2, 0, 0, 0, 0, 'NO', 'NO'),
(7, 545, 0, 3, 2, 0, 0, 'caught', 82, 4, 0, 31, 0, 1, 0, 0, 0, 0, 'NO', 'NO'),
(7, 562, 0, 1, 0, 0, 0, 'NO', 0, 3, 0, 17, 0, 0, 0, 0, 0, 0, 'NO', 'NO'),
(8, 65, 17, 52, 27, 1, 0, '493', 0, 0, 0, 0, 0, 0, 0, 1, 0, 0, '', ''),
(8, 87, 3, 8, 5, 0, 0, '502', 0, 0, 0, 0, 0, 0, 0, 0, 0, 0, '', ''),
(8, 72, 38, 25, 20, 7, 0, '538', 0, 0, 0, 0, 0, 0, 0, 0, 0, 0, '', ''),
(8, 68, 4, 6, 5, 0, 0, '493', 0, 4, 0, 17, 3, 0, 0, 0, 0, 0, '', ''),
(8, 67, 24, 28, 19, 1, 1, '521', 0, 0, 0, 0, 0, 0, 0, 0, 0, 0, '', ''),
(8, 66, 35, 50, 24, 3, 1, '', 0, 0, 0, 0, 0, 0, 0, 0, 0, 0, '', ''),
(8, 64, 38, 23, 18, 3, 2, '498', 0, 0, 0, 0, 0, 0, 0, 0, 1, 0, 'YES', 'YES'),
(8, 74, 1, 5, 3, 0, 0, '502', 0, 4, 0, 38, 0, 0, 0, 0, 0, 0, '', ''),
(8, 86, 0, 3, 1, 0, 0, '', 0, 4, 0, 31, 0, 0, 0, 0, 0, 0, '', ''),
(8, 82, 0, 0, 0, 0, 0, '', 0, 4, 0, 44, 1, 2, 0, 1, 0, 0, '', ''),
(8, 95, 0, 0, 0, 0, 0, '', 0, 4, 0, 42, 0, 0, 0, 0, 0, 0, '', ''),
(8, 510, 50, 43, 34, 6, 2, '68', 0, 0, 0, 0, 0, 0, 0, 1, 0, 0, '', ''),
(8, 507, 42, 74, 33, 4, 1, '68', 0, 0, 0, 0, 0, 0, 0, 0, 0, 1, '', ''),
(8, 493, 5, 15, 10, 0, 0, '68', 0, 4, 0, 38, 2, 0, 1, 0, 0, 0, '', ''),
(8, 497, 49, 51, 26, 5, 2, '', 0, 0, 0, 0, 0, 0, 0, 0, 0, 0, '', 'YES'),
(8, 505, 9, 17, 10, 1, 0, '82', 0, 0, 0, 0, 0, 0, 0, 1, 0, 0, '', ''),
(8, 501, 15, 20, 7, 1, 1, '', 0, 0, 0, 0, 0, 0, 0, 0, 0, 0, 'YES', ''),
(8, 540, 0, 0, 0, 0, 0, '', 0, 0, 0, 0, 0, 0, 0, 2, 0, 0, '', ''),
(8, 498, 0, 0, 0, 0, 0, '', 0, 4, 0, 27, 1, 1, 0, 1, 0, 0, '', ''),
(8, 521, 0, 0, 0, 0, 0, '', 0, 4, 0, 27, 1, 0, 0, 0, 0, 0, '', ''),
(8, 538, 0, 0, 0, 0, 0, '', 0, 4, 0, 42, 1, 3, 0, 0, 0, 0, '', ''),
(8, 502, 0, 0, 0, 0, 0, '', 0, 4, 0, 37, 2, 1, 1, 0, 0, 0, '', ''),
(9, 542, 6, 12, 10, 0, 0, 'bowled', 57, 2, 0, 10, 0, 0, 0, 0, 0, 0, 'NO', 'NO'),
(9, 581, 15, 30, 17, 3, 0, 'caught', 58, 0, 0, 0, 0, 0, 0, 1, 0, 0, 'NO', 'NO'),
(9, 555, 5, 11, 9, 1, 0, 'caught', 37, 0, 0, 0, 0, 0, 0, 0, 0, 0, 'YES', 'NO'),
(9, 543, 61, 61, 45, 5, 2, 'NO', 0, 0, 0, 0, 0, 0, 0, 0, 0, 0, 'NO', 'NO'),
(9, 556, 25, 32, 24, 3, 0, 'caught', 56, 0, 0, 0, 0, 0, 0, 0, 0, 0, 'NO', 'NO'),
(9, 550, 35, 22, 15, 3, 2, 'NO', 0, 3, 0, 25, 1, 0, 1, 1, 0, 0, 'NO', 'NO'),
(9, 546, 0, 0, 0, 0, 0, '-', 0, 0, 0, 0, 0, 0, 0, 0, 0, 0, 'NO', 'YES'),
(9, 549, 0, 0, 0, 0, 0, '-', 0, 3, 0, 18, 1, 1, 0, 0, 0, 0, 'NO', 'NO'),
(9, 548, 0, 0, 0, 0, 0, '-', 0, 3, 0, 25, 1, 0, 0, 0, 0, 0, 'NO', 'NO'),
(9, 545, 0, 0, 0, 0, 0, '-', 0, 3, 0, 26, 0, 0, 0, 0, 0, 0, 'NO', 'NO'),
(9, 566, 0, 0, 0, 0, 0, '-', 0, 1, 0, 12, 0, 0, 0, 0, 0, 0, 'NO', 'NO'),
(9, 49, 7, 17, 6, 1, 0, 'lbw', 548, 0, 0, 0, 0, 0, 0, 0, 0, 0, 'NO', 'NO'),
(9, 32, 7, 5, 6, 1, 0, 'caught', 549, 0, 0, 0, 0, 0, 0, 0, 0, 0, 'NO', 'NO'),
(9, 30, 47, 68, 40, 2, 2, 'NO', 0, 0, 0, 0, 0, 0, 0, 0, 0, 0, 'NO', 'NO'),
(9, 55, 45, 48, 36, 4, 0, 'caught', 550, 0, 0, 0, 0, 0, 0, 2, 0, 0, 'NO', 'YES'),
(9, 58, 8, 7, 3, 2, 0, 'NO', 0, 4, 0, 23, 1, 1, 0, 0, 0, 0, 'NO', 'NO'),
(9, 53, 0, 0, 0, 0, 0, '-', 0, 0, 0, 0, 0, 0, 0, 0, 0, 0, 'YES', 'NO'),
(9, 28, 0, 0, 0, 0, 0, '-', 0, 0, 0, 0, 0, 0, 0, 0, 0, 0, 'NO', 'NO'),
(9, 57, 0, 0, 0, 0, 0, '-', 0, 4, 0, 14, 1, 0, 0, 1, 0, 0, 'NO', 'NO'),
(9, 59, 0, 0, 0, 0, 0, '-', 0, 4, 0, 35, 0, 4, 0, 0, 0, 0, 'NO', 'NO'),
(9, 56, 0, 0, 0, 0, 0, '-', 0, 4, 0, 30, 1, 0, 0, 0, 0, 0, 'NO', 'NO'),
(9, 37, 0, 0, 0, 0, 0, '-', 0, 4, 0, 40, 1, 0, 0, 0, 0, 0, 'NO', 'NO'),
(10, 510, 1, 15, 10, 0, 0, 'lbw', 74, 0, 0, 0, 0, 0, 0, 0, 0, 0, '', ''),
(10, 507, 56, 52, 35, 7, 2, 'bowled', 68, 0, 0, 0, 0, 0, 0, 1, 0, 0, '', ''),
(10, 493, 34, 29, 21, 3, 1, 'caught', 68, 3, 0, 24, 1, 2, 0, 0, 0, 0, '', ''),
(10, 497, 5, 9, 9, 0, 0, 'caught', 68, 0, 0, 0, 0, 0, 0, 0, 0, 1, '', 'YES'),
(10, 505, 24, 21, 22, 1, 1, 'caught', 82, 0, 0, 0, 0, 0, 0, 1, 0, 0, '', ''),
(10, 501, 33, 28, 21, 0, 3, 'NO', 0, 0, 0, 0, 0, 0, 0, 0, 0, 0, 'YES', ''),
(10, 498, 0, 3, 1, 0, 0, 'caught', 82, 3, 0, 26, 2, 1, 0, 0, 0, 0, '', ''),
(10, 521, 1, 6, 1, 0, 0, 'NO', 0, 4, 0, 31, 0, 0, 0, 1, 0, 0, '', ''),
(10, 538, 0, 0, 0, 0, 0, '', 0, 4, 0, 28, 1, 4, 0, 0, 0, 0, '', ''),
(10, 527, 0, 0, 0, 0, 0, '', 0, 1, 0, 18, 0, 0, 0, 0, 0, 0, '', ''),
(10, 502, 0, 0, 0, 0, 0, '', 0, 3, 0, 27, 0, 3, 0, 0, 0, 0, '', ''),
(10, 65, 16, 23, 16, 3, 0, 'caught', 498, 0, 0, 0, 0, 0, 0, 0, 0, 0, '', ''),
(10, 87, 19, 25, 13, 0, 2, 'caught', 498, 0, 0, 0, 0, 0, 0, 3, 0, 0, '', ''),
(10, 72, 21, 35, 17, 2, 0, 'bowled', 538, 1, 0, 10, 0, 0, 0, 1, 0, 0, '', ''),
(10, 68, 38, 21, 21, 2, 3, 'caught', 493, 4, 0, 19, 3, 0, 0, 0, 0, 0, '', ''),
(10, 66, 26, 36, 19, 1, 1, 'runout', 0, 0, 0, 0, 0, 0, 0, 0, 0, 0, '', ''),
(10, 64, 24, 29, 21, 2, 0, 'NO', 0, 0, 0, 0, 0, 0, 0, 0, 0, 0, 'YES', 'YES'),
(10, 76, 0, 3, 0, 0, 0, 'NO', 0, 3, 0, 22, 0, 1, 0, 0, 0, 0, '', ''),
(10, 74, 0, 0, 0, 0, 0, '', 0, 4, 1, 33, 1, 0, 0, 0, 0, 0, '', ''),
(10, 86, 0, 0, 0, 0, 0, '', 0, 3, 0, 24, 0, 0, 0, 0, 0, 0, '', ''),
(10, 82, 0, 0, 0, 0, 0, '', 0, 3, 0, 18, 2, 0, 0, 0, 0, 0, '', ''),
(10, 95, 0, 0, 0, 0, 0, '', 0, 2, 0, 29, 0, 0, 0, 0, 0, 0, '', ''),
(11, 543, 42, 38, 36, 7, 0, 'caught', 318, 0, 0, 0, 0, 0, 0, 1, 0, 0, 'FALSE', 'TRUE'),
(11, 542, 35, 78, 43, 3, 0, 'lbw', 543, 0, 0, 0, 0, 0, 0, 0, 0, 0, 'FALSE', 'FALSE'),
(11, 544, 18, 10, 11, 3, 0, 'caught', 315, 0, 0, 0, 0, 0, 0, 0, 2, 0, 'TRUE', 'FALSE'),
(11, 556, 15, 29, 18, 1, 0, 'stumped', 340, 0, 0, 0, 0, 0, 0, 0, 0, 0, 'FALSE', 'FALSE'),
(11, 550, 11, 12, 7, 2, 0, 'NO', 0, 1, 0, 8, 0, 0, 0, 0, 0, 0, 'FALSE', 'FALSE'),
(11, 546, 10, 9, 6, 1, 0, 'NO', 0, 4, 0, 27, 2, 0, 0, 0, 0, 0, 'FALSE', 'FALSE'),
(11, 558, 0, 0, 0, 0, 0, '', 0, 0, 0, 0, 0, 0, 0, 0, 0, 0, 'FALSE', 'FALSE'),
(11, 549, 0, 0, 0, 0, 0, '', 0, 3, 0, 15, 0, 2, 0, 0, 0, 0, 'FALSE', 'FALSE'),
(11, 545, 0, 0, 0, 0, 0, '', 0, 4, 0, 19, 0, 3, 0, 0, 0, 0, 'FALSE', 'FALSE'),
(11, 562, 0, 0, 0, 0, 0, '', 0, 4, 0, 25, 3, 0, 0, 0, 0, 0, 'FALSE', 'FALSE'),
(11, 548, 0, 0, 0, 0, 0, '', 0, 4, 0, 27, 2, 0, 0, 0, 0, 0, 'FALSE', 'FALSE'),
(11, 315, 42, 63, 40, 4, 1, 'stumped', 562, 2, 0, 12, 1, 1, 0, 0, 0, 0, 'FALSE', 'TRUE'),
(11, 322, 20, 26, 21, 3, 0, 'bowled', 548, 0, 0, 0, 0, 0, 0, 0, 0, 0, 'FALSE', 'FALSE'),
(11, 357, 4, 12, 8, 0, 0, 'lbw', 543, 0, 0, 0, 0, 0, 0, 0, 0, 0, 'FALSE', 'FALSE'),
(11, 313, 1, 2, 2, 0, 0, 'caught', 546, 0, 0, 0, 0, 0, 0, 0, 1, 0, 'TRUE', 'FALSE'),
(11, 681, 6, 4, 7, 0, 0, 'bowled', 562, 0, 0, 0, 0, 0, 0, 1, 0, 0, 'FALSE', 'FALSE'),
(11, 343, 29, 44, 22, 3, 0, 'NO', 0, 0, 0, 0, 0, 0, 0, 0, 0, 0, 'FALSE', 'FALSE'),
(11, 318, 0, 2, 1, 0, 0, 'bowled', 562, 4, 0, 28, 1, 0, 0, 0, 0, 0, 'FALSE', 'FALSE'),
(11, 331, 8, 14, 13, 1, 0, 'stumped', 548, 3, 0, 11, 0, 1, 0, 0, 0, 0, 'FALSE', 'FALSE'),
(11, 330, 2, 13, 6, 0, 0, 'NO', 0, 3, 0, 26, 1, 1, 1, 0, 0, 0, 'FALSE', 'FALSE'),
(11, 340, 0, 0, 0, 0, 0, '', 0, 4, 0, 33, 1, 1, 0, 0, 0, 0, 'FALSE', 'FALSE'),
(11, 358, 0, 0, 0, 0, 0, '', 0, 4, 0, 26, 0, 0, 0, 1, 0, 0, 'FALSE', 'FALSE'),
(12, 72, 28, 28, 19, 5, 0, 'bowled', 266, 0, 0, 0, 0, 0, 0, 1, 0, 0, 'FALSE', 'FALSE'),
(12, 88, 14, 11, 12, 3, 0, 'caught', 292, 0, 0, 0, 0, 0, 0, 0, 0, 0, 'FALSE', 'FALSE'),
(12, 67, 53, 38, 34, 5, 2, 'caught', 283, 0, 0, 0, 0, 0, 0, 1, 0, 0, 'FALSE', 'FALSE'),
(12, 68, 12, 20, 13, 1, 0, 'runout', 0, 4, 0, 20, 1, 0, 0, 0, 0, 0, 'FALSE', 'FALSE'),
(12, 71, 6, 16, 8, 0, 0, 'bowled', 300, 3, 0, 22, 2, 0, 0, 1, 0, 0, 'FALSE', 'FALSE'),
(12, 66, 41, 29, 23, 2, 3, 'caught', 300, 0, 0, 0, 0, 0, 0, 0, 0, 1, 'FALSE', 'FALSE'),
(12, 64, 10, 19, 11, 0, 0, 'NO', 0, 0, 0, 0, 0, 0, 0, 0, 0, 0, 'TRUE', 'TRUE'),
(12, 74, 0, 0, 0, 0, 0, '', 0, 4, 0, 33, 1, 2, 0, 0, 0, 0, 'FALSE', 'FALSE'),
(12, 79, 0, 0, 0, 0, 0, '', 0, 3, 0, 17, 1, 1, 0, 1, 0, 0, 'FALSE', 'FALSE'),
(12, 84, 0, 0, 0, 0, 0, '', 0, 4, 0, 22, 2, 0, 0, 1, 0, 1, 'FALSE', 'FALSE'),
(12, 93, 0, 0, 0, 0, 0, '', 0, 2, 0, 26, 1, 0, 0, 0, 0, 0, 'FALSE', 'FALSE'),
(12, 280, 67, 47, 39, 5, 5, 'caught', 79, 0, 0, 0, 0, 0, 0, 1, 0, 0, 'FALSE', 'FALSE'),
(12, 291, 1, 5, 3, 0, 0, 'bowled', 84, 0, 0, 0, 0, 0, 0, 0, 0, 0, 'FALSE', 'FALSE'),
(12, 299, 2, 15, 8, 0, 0, 'caught', 93, 0, 0, 0, 0, 0, 0, 0, 0, 0, 'FALSE', 'FALSE'),
(12, 273, 14, 20, 10, 2, 0, 'runout', 0, 0, 0, 0, 0, 0, 0, 0, 0, 0, 'TRUE', 'FALSE'),
(12, 283, 0, 2, 2, 0, 0, 'lbw', 72, 2, 0, 12, 1, 0, 0, 0, 0, 0, 'FALSE', 'FALSE'),
(12, 298, 10, 13, 8, 0, 1, 'lbw', 72, 0, 0, 0, 0, 0, 0, 1, 0, 1, 'FALSE', 'FALSE'),
(12, 266, 25, 36, 22, 1, 1, 'caught', 84, 3, 0, 25, 1, 0, 0, 0, 0, 0, 'FALSE', 'TRUE'),
(12, 275, 2, 7, 6, 0, 0, 'caught', 71, 3, 0, 20, 0, 1, 0, 0, 0, 1, 'FALSE', 'FALSE'),
(12, 292, 14, 15, 16, 1, 0, 'caught', 74, 4, 0, 25, 1, 1, 0, 0, 0, 0, 'FALSE', 'FALSE'),
(12, 300, 1, 6, 4, 0, 0, 'NO', 0, 4, 0, 39, 2, 1, 0, 0, 0, 0, 'FALSE', 'FALSE'),
(12, 262, 1, 2, 2, 0, 0, 'NO', 0, 4, 0, 46, 0, 0, 0, 1, 0, 0, 'FALSE', 'FALSE'),
(13, 98, 26, 36, 20, 2, 1, 'caught', 109, 0, 0, 0, 0, 0, 0, 1, 0, 0, 'TRUE', 'FALSE'),
(13, 101, 5, 13, 11, 0, 0, 'caught', 109, 0, 0, 0, 0, 0, 0, 0, 0, 0, 'FALSE', 'FALSE'),
(13, 72, 14, 15, 12, 2, 0, 'caught', 109, 0, 0, 0, 0, 0, 0, 2, 0, 0, 'FALSE', 'FALSE'),
(13, 100, 43, 47, 37, 5, 0, 'caught', 139, 0, 0, 0, 0, 0, 0, 0, 0, 0, 'FALSE', 'FALSE'),
(13, 66, 2, 5, 6, 0, 0, 'caught', 109, 0, 0, 0, 0, 0, 0, 0, 0, 0, 'FALSE', 'TRUE'),
(13, 67, 26, 33, 23, 0, 2, 'bowled', 135, 0, 0, 0, 0, 0, 0, 0, 0, 0, 'FALSE', 'FALSE'),
(13, 71, 15, 1, 6, 0, 2, 'NO', 0, 4, 0, 22, 0, 0, 0, 0, 0, 0, 'FALSE', 'FALSE'),
(13, 69, 15, 5, 7, 1, 1, 'NO', 0, 4, 0, 25, 2, 2, 0, 0, 0, 0, 'FALSE', 'FALSE'),
(13, 79, 0, 0, 0, 0, 0, '', 0, 4, 1, 27, 1, 0, 0, 0, 0, 0, 'FALSE', 'FALSE'),
(13, 74, 0, 0, 0, 0, 0, '', 0, 4, 0, 30, 1, 1, 0, 0, 0, 0, 'FALSE', 'FALSE'),
(13, 93, 0, 0, 0, 0, 0, '', 0, 4, 0, 35, 1, 0, 0, 0, 0, 0, 'FALSE', 'FALSE'),
(13, 123, 11, 20, 16, 0, 1, 'bowled', 93, 0, 0, 0, 0, 0, 0, 2, 0, 0, 'TRUE', 'FALSE'),
(13, 125, 9, 19, 9, 1, 0, 'caught', 74, 0, 0, 0, 0, 0, 0, 0, 0, 0, 'FALSE', 'FALSE'),
(13, 128, 41, 47, 41, 5, 0, 'bowled', 69, 0, 0, 0, 0, 0, 0, 0, 0, 0, 'FALSE', 'FALSE'),
(13, 114, 27, 44, 29, 3, 0, 'caught', 69, 0, 0, 0, 0, 0, 0, 1, 0, 0, 'FALSE', 'FALSE'),
(13, 137, 14, 20, 7, 1, 1, 'NO', 0, 0, 0, 0, 0, 0, 0, 1, 0, 0, 'FALSE', 'FALSE'),
(13, 109, 0, 2, 2, 0, 0, 'caught', 79, 4, 0, 16, 4, 0, 0, 0, 0, 0, 'FALSE', 'TRUE'),
(13, 135, 34, 12, 16, 2, 3, 'NO', 0, 2, 0, 24, 1, 2, 0, 1, 0, 0, 'FALSE', 'FALSE'),
(13, 126, 0, 0, 0, 0, 0, '', 0, 2, 0, 26, 0, 0, 1, 0, 0, 0, 'FALSE', 'FALSE'),
(13, 150, 0, 0, 0, 0, 0, '', 0, 4, 0, 23, 0, 1, 0, 0, 0, 0, 'FALSE', 'FALSE'),
(13, 139, 0, 0, 0, 0, 0, '', 0, 4, 0, 31, 1, 0, 0, 0, 0, 0, 'FALSE', 'FALSE'),
(13, 117, 0, 0, 0, 0, 0, '', 0, 4, 0, 38, 0, 3, 1, 0, 0, 0, 'FALSE', 'FALSE'),
(14, 98, 10, 19, 12, 2, 0, 'caught', 502, 0, 0, 0, 0, 0, 0, 0, 0, 0, 'FALSE', 'FALSE'),
(14, 87, 61, 49, 39, 8, 0, 'caught', 492, 0, 0, 0, 0, 0, 0, 0, 0, 0, 'FALSE', 'FALSE'),
(14, 102, 31, 23, 21, 0, 3, 'caught', 500, 0, 0, 0, 0, 0, 0, 0, 0, 0, 'FALSE', 'FALSE'),
(14, 72, 4, 5, 5, 0, 0, 'caught', 492, 3, 0, 22, 1, 1, 0, 0, 0, 0, 'FALSE', 'FALSE'),
(14, 67, 1, 7, 3, 0, 0, 'stumped', 494, 1, 0, 16, 0, 0, 0, 1, 0, 0, 'FALSE', 'FALSE'),
(14, 66, 33, 26, 19, 2, 3, 'caught', 498, 0, 0, 0, 0, 0, 0, 1, 0, 0, 'FALSE', 'FALSE'),
(14, 64, 8, 15, 8, 1, 0, 'caught', 502, 0, 0, 0, 0, 0, 0, 0, 1, 0, 'TRUE', 'TRUE'),
(14, 74, 4, 1, 2, 1, 0, 'runout', 0, 4, 0, 37, 0, 3, 0, 0, 0, 0, 'FALSE', 'FALSE'),
(14, 79, 1, 5, 4, 0, 0, 'bowled', 502, 4, 0, 27, 1, 0, 0, 0, 0, 0, 'FALSE', 'FALSE'),
(14, 85, 2, 5, 4, 0, 0, 'NO', 0, 3, 0, 35, 0, 1, 0, 0, 0, 0, 'FALSE', 'FALSE'),
(14, 93, 0, 1, 1, 0, 0, 'caught', 502, 4, 0, 25, 2, 0, 0, 0, 0, 0, 'FALSE', 'FALSE'),
(14, 507, 0, 1, 2, 0, 0, 'lbw', 98, 0, 0, 0, 0, 0, 0, 1, 0, 0, 'FALSE', 'FALSE'),
(14, 499, 18, 30, 13, 2, 1, 'caught', 93, 0, 0, 0, 0, 0, 0, 2, 1, 0, 'TRUE', 'FALSE'),
(14, 495, 33, 31, 23, 5, 0, 'stumped', 72, 0, 0, 0, 0, 0, 0, 0, 0, 0, 'FALSE', 'FALSE'),
(14, 497, 49, 39, 27, 7, 1, 'caught', 93, 0, 0, 0, 0, 0, 0, 1, 0, 0, 'FALSE', 'FALSE'),
(14, 500, 31, 56, 36, 2, 0, 'NO', 0, 1, 0, 4, 1, 0, 0, 0, 0, 0, 'FALSE', 'FALSE'),
(14, 505, 25, 21, 16, 3, 0, 'NO', 0, 3, 0, 34, 0, 0, 0, 0, 0, 0, 'FALSE', 'FALSE'),
(14, 501, 0, 0, 0, 0, 0, '', 0, 0, 0, 0, 0, 0, 0, 0, 0, 0, 'FALSE', 'FALSE'),
(14, 498, 0, 0, 0, 0, 0, '', 0, 4, 0, 33, 1, 2, 0, 0, 0, 0, 'FALSE', 'FALSE'),
(14, 492, 0, 0, 0, 0, 0, '', 0, 4, 0, 37, 2, 1, 0, 2, 0, 0, 'FALSE', 'FALSE'),
(14, 494, 0, 0, 0, 0, 0, '', 0, 4, 0, 28, 1, 0, 0, 0, 0, 0, 'FALSE', 'FALSE'),
(14, 502, 0, 0, 0, 0, 0, '', 0, 3, 0, 22, 4, 0, 0, 1, 0, 1, 'FALSE', 'FALSE'),
(15, 78, 1, 6, 3, 0, 0, 'caught', 498, 0, 0, 0, 0, 0, 0, 0, 0, 0, 'FALSE', 'FALSE'),
(15, 87, 0, 2, 3, 0, 0, 'caught', 509, 0, 0, 0, 0, 0, 0, 1, 0, 0, 'FALSE', 'FALSE'),
(15, 72, 15, 21, 16, 3, 0, 'caught', 498, 2, 0, 13, 1, 0, 0, 0, 0, 0, 'FALSE', 'FALSE'),
(15, 66, 39, 47, 29, 4, 2, 'caught', 509, 2, 0, 9, 1, 1, 0, 0, 0, 0, 'FALSE', 'FALSE'),
(15, 94, 15, 22, 17, 0, 0, 'bowled', 505, 0, 0, 0, 0, 0, 0, 2, 0, 0, 'FALSE', 'FALSE'),
(15, 64, 21, 44, 26, 0, 1, 'runout', 0, 0, 0, 0, 0, 0, 0, 0, 0, 0, 'TRUE', 'TRUE'),
(15, 76, 0, 1, 1, 0, 0, 'bowled', 509, 4, 1, 9, 1, 1, 0, 0, 0, 0, 'FALSE', 'FALSE'),
(15, 71, 10, 17, 12, 1, 0, 'bowled', 500, 3, 0, 34, 1, 0, 0, 0, 0, 0, 'FALSE', 'FALSE'),
(15, 79, 0, 2, 2, 0, 0, 'bowled', 500, 1, 0, 13, 0, 0, 0, 0, 0, 0, 'FALSE', 'FALSE'),
(15, 74, 17, 14, 11, 3, 0, 'NO', 0, 4, 0, 20, 0, 1, 0, 0, 0, 0, 'FALSE', 'FALSE'),
(15, 85, 0, 0, 0, 0, 0, '', 0, 2, 0, 19, 0, 0, 0, 0, 0, 0, 'FALSE', 'FALSE'),
(15, 507, 11, 24, 19, 0, 0, 'caught', 71, 0, 0, 0, 0, 0, 0, 1, 0, 0, 'FALSE', 'FALSE'),
(15, 499, 12, 12, 10, 2, 0, 'caught', 76, 0, 0, 0, 0, 0, 0, 2, 0, 0, 'TRUE', 'FALSE'),
(15, 495, 53, 42, 39, 5, 3, 'lbw', 78, 0, 0, 0, 0, 0, 0, 0, 0, 0, 'FALSE', 'FALSE'),
(15, 505, 21, 25, 25, 1, 1, 'caught', 72, 3, 0, 13, 1, 0, 0, 0, 0, 0, 'FALSE', 'FALSE'),
(15, 500, 14, 14, 16, 1, 0, 'NO', 0, 3, 1, 16, 2, 1, 0, 0, 0, 0, 'FALSE', 'FALSE'),
(15, 504, 2, 9, 3, 0, 0, 'NO', 0, 0, 0, 0, 0, 0, 0, 1, 0, 0, 'FALSE', 'FALSE'),
(15, 501, 0, 0, 0, 0, 0, '', 0, 0, 0, 0, 0, 0, 0, 0, 0, 0, 'FALSE', 'FALSE'),
(15, 498, 0, 0, 0, 0, 0, '', 0, 4, 1, 19, 2, 0, 0, 0, 0, 0, 'FALSE', 'FALSE'),
(15, 494, 0, 0, 0, 0, 0, '', 0, 2, 0, 23, 0, 0, 0, 0, 0, 0, 'FALSE', 'FALSE'),
(15, 509, 0, 0, 0, 0, 0, '', 0, 4, 0, 22, 3, 0, 0, 0, 0, 0, 'FALSE', 'FALSE'),
(15, 502, 0, 0, 0, 0, 0, '', 0, 4, 0, 26, 0, 0, 0, 0, 0, 1, 'FALSE', 'FALSE'),
(16, 32, 25, 16, 14, 1, 2, 'caught', 85, 0, 0, 0, 0, 0, 0, 2, 0, 0, 'FALSE', 'FALSE'),
(16, 53, 72, 67, 43, 5, 3, 'bowled', 66, 0, 0, 0, 0, 0, 0, 0, 0, 0, 'TRUE', 'FALSE'),
(16, 42, 17, 27, 21, 1, 1, 'caught', 74, 0, 0, 0, 0, 0, 0, 0, 0, 0, 'FALSE', 'FALSE'),
(16, 29, 42, 42, 30, 1, 3, 'bowled', 99, 2, 0, 4, 2, 0, 0, 1, 0, 0, 'FALSE', 'FALSE'),
(16, 55, 12, 21, 11, 1, 0, 'NO', 0, 0, 0, 0, 0, 0, 0, 0, 0, 0, 'FALSE', 'TRUE'),
(16, 54, 0, 1, 1, 0, 0, 'NO', 0, 0, 0, 0, 0, 0, 0, 1, 0, 0, 'FALSE', 'FALSE'),
(16, 44, 0, 0, 0, 0, 0, '', 0, 4, 0, 35, 2, 0, 1, 0, 0, 0, 'FALSE', 'FALSE'),
(16, 57, 0, 0, 0, 0, 0, '', 0, 2, 0, 18, 0, 0, 0, 0, 0, 0, 'FALSE', 'FALSE'),
(16, 18, 0, 0, 0, 0, 0, '', 0, 4, 0, 21, 1, 0, 0, 0, 0, 0, 'FALSE', 'FALSE'),
(16, 7, 0, 0, 0, 0, 0, '', 0, 4, 0, 36, 1, 4, 0, 0, 0, 0, 'FALSE', 'FALSE'),
(16, 56, 0, 0, 0, 0, 0, '', 0, 4, 0, 23, 0, 1, 0, 0, 0, 0, 'FALSE', 'FALSE'),
(16, 65, 20, 27, 14, 3, 0, 'caught', 29, 0, 0, 0, 0, 0, 0, 0, 0, 0, 'FALSE', 'FALSE'),
(16, 73, 4, 2, 3, 1, 0, 'caught', 7, 0, 0, 0, 0, 0, 0, 0, 0, 0, 'FALSE', 'FALSE'),
(16, 72, 22, 30, 21, 0, 1, 'caught', 18, 0, 0, 0, 0, 0, 0, 0, 0, 0, 'FALSE', 'FALSE'),
(16, 66, 14, 23, 15, 1, 0, 'bowled', 44, 3, 0, 22, 1, 0, 0, 2, 0, 0, 'FALSE', 'FALSE'),
(16, 67, 0, 2, 1, 0, 0, 'bowled', 29, 0, 0, 2, 0, 0, 0, 0, 0, 0, 'FALSE', 'FALSE'),
(16, 64, 48, 55, 43, 1, 3, 'NO', 0, 0, 0, 0, 0, 0, 0, 0, 0, 0, 'TRUE', 'TRUE'),
(16, 76, 7, 9, 8, 1, 0, 'caught', 44, 2, 0, 23, 0, 0, 0, 0, 0, 0, 'FALSE', 'FALSE'),
(16, 74, 15, 30, 16, 1, 0, 'NO', 0, 4, 0, 34, 1, 0, 0, 0, 0, 0, 'FALSE', 'FALSE'),
(16, 99, 0, 0, 0, 0, 0, '', 0, 3, 0, 27, 1, 1, 0, 0, 0, 0, 'FALSE', 'FALSE'),
(16, 85, 0, 0, 0, 0, 0, '', 0, 4, 0, 28, 1, 1, 0, 0, 0, 0, 'FALSE', 'FALSE'),
(16, 79, 0, 0, 0, 0, 0, '', 0, 3, 0, 34, 0, 0, 0, 0, 0, 0, 'FALSE', 'FALSE'),
(17, 32, 8, 10, 8, 1, 0, 'caught', 85, 0, 0, 0, 0, 0, 0, 0, 0, 0, 'FALSE', 'FALSE'),
(17, 49, 36, 33, 23, 6, 0, 'runout', 0, 0, 0, 0, 0, 0, 0, 0, 0, 0, 'FALSE', 'FALSE'),
(17, 30, 0, 1, 2, 0, 0, 'caught', 85, 0, 0, 0, 0, 0, 0, 1, 0, 0, 'FALSE', 'FALSE'),
(17, 29, 24, 40, 29, 1, 1, 'caught', 76, 2, 0, 8, 0, 0, 0, 0, 0, 0, 'FALSE', 'FALSE'),
(17, 55, 3, 3, 4, 0, 0, 'runout', 0, 0, 0, 0, 0, 0, 0, 0, 0, 0, 'FALSE', 'TRUE'),
(17, 53, 32, 34, 29, 1, 1, 'runout', 0, 0, 0, 0, 0, 0, 0, 1, 0, 0, 'TRUE', 'FALSE'),
(17, 54, 13, 12, 13, 2, 0, 'stumped', 99, 4, 0, 30, 1, 1, 0, 0, 0, 0, 'FALSE', 'FALSE'),
(17, 7, 6, 13, 4, 1, 0, 'NO', 0, 4, 0, 24, 0, 1, 0, 0, 0, 0, 'FALSE', 'FALSE'),
(17, 48, 0, 1, 1, 0, 0, 'caught', 85, 3, 0, 25, 0, 1, 0, 0, 0, 0, 'FALSE', 'FALSE'),
(17, 18, 4, 4, 4, 1, 0, 'lbw', 32, 3, 0, 19, 1, 0, 0, 0, 0, 0, 'FALSE', 'FALSE'),
(17, 56, 1, 1, 1, 0, 0, 'runout', 0, 3, 0, 29, 0, 1, 0, 0, 0, 0, 'FALSE', 'FALSE'),
(17, 65, 56, 91, 60, 4, 0, 'NO', 0, 0, 0, 0, 0, 0, 0, 1, 0, 0, 'FALSE', 'FALSE'),
(17, 73, 23, 32, 16, 2, 1, 'caught', 18, 0, 0, 0, 0, 0, 0, 0, 0, 0, 'FALSE', 'FALSE'),
(17, 72, 31, 29, 24, 3, 0, 'caught', 54, 1, 0, 7, 0, 0, 0, 0, 0, 0, 'FALSE', 'FALSE'),
(17, 64, 21, 26, 18, 2, 0, 'NO', 0, 0, 0, 0, 0, 0, 0, 2, 1, 2, 'TRUE', 'TRUE'),
(17, 66, 0, 0, 0, 0, 0, '', 0, 1, 0, 10, 0, 0, 0, 0, 0, 1, 'FALSE', 'FALSE'),
(17, 67, 0, 0, 0, 0, 0, '', 0, 0, 0, 0, 0, 0, 0, 0, 0, 1, 'FALSE', 'FALSE'),
(17, 76, 0, 0, 0, 0, 0, '', 0, 3, 0, 16, 1, 1, 0, 1, 0, 2, 'FALSE', 'FALSE'),
(17, 99, 0, 0, 0, 0, 0, '', 0, 3, 0, 29, 2, 0, 0, 0, 0, 1, 'FALSE', 'FALSE'),
(17, 74, 0, 0, 0, 0, 0, '', 0, 4, 0, 23, 0, 1, 0, 0, 0, 0, 'FALSE', 'FALSE'),
(17, 85, 0, 0, 0, 0, 0, '', 0, 4, 0, 25, 1, 1, 0, 0, 0, 0, 'FALSE', 'FALSE'),
(17, 79, 0, 0, 0, 0, 0, '', 0, 3, 0, 21, 2, 1, 0, 0, 0, 0, 'FALSE', 'FALSE'),
(18, 301, 19, 8, 7, 4, 0, 'caught', 70, 0, 0, 0, 0, 0, 0, 0, 0, 0, 'FALSE', 'FALSE'),
(18, 257, 61, 58, 42, 5, 2, 'caught', 74, 0, 0, 0, 0, 0, 0, 0, 0, 0, 'FALSE', 'FALSE'),
(18, 299, 78, 59, 50, 8, 3, 'caught', 66, 0, 0, 0, 0, 0, 0, 0, 0, 0, 'FALSE', 'FALSE'),
(18, 303, 20, 22, 11, 2, 0, 'NO', 0, 0, 0, 0, 0, 0, 0, 0, 0, 0, 'FALSE', 'FALSE'),
(18, 286, 22, 10, 7, 2, 2, 'bowled', 66, 0, 0, 0, 0, 0, 0, 0, 0, 0, 'FALSE', 'FALSE'),
(18, 260, 16, 3, 3, 1, 2, 'NO', 0, 1, 0, 16, 0, 0, 0, 0, 0, 0, 'FALSE', 'FALSE'),
(18, 266, 0, 0, 0, 0, 0, '', 0, 1, 0, 10, 0, 0, 0, 0, 0, 0, 'FALSE', 'FALSE'),
(18, 304, 0, 0, 0, 0, 0, '', 0, 0, 0, 0, 0, 0, 0, 0, 0, 0, 'FALSE', 'FALSE'),
(18, 292, 0, 0, 0, 0, 0, '', 0, 2, 0, 14, 0, 0, 0, 0, 0, 0, 'FALSE', 'FALSE'),
(18, 300, 0, 0, 0, 0, 0, '', 0, 1, 0, 13, 0, 0, 0, 0, 0, 0, 'FALSE', 'FALSE'),
(18, 289, 0, 0, 0, 0, 0, '', 0, 3, 0, 15, 0, 1, 0, 0, 0, 0, 'FALSE', 'FALSE'),
(18, 78, 18, 36, 19, 1, 0, 'NO', 0, 0, 0, 0, 0, 0, 0, 0, 0, 0, 'FALSE', 'FALSE'),
(18, 65, 49, 36, 28, 7, 1, 'NO', 0, 0, 0, 0, 0, 0, 0, 0, 0, 0, 'FALSE', 'FALSE'),
(18, 72, 0, 0, 0, 0, 0, '', 0, 1, 0, 15, 0, 0, 0, 0, 0, 0, 'FALSE', 'FALSE'),
(18, 67, 0, 0, 0, 0, 0, '', 0, 1, 0, 14, 0, 0, 0, 3, 0, 0, 'FALSE', 'FALSE'),
(18, 66, 0, 0, 0, 0, 0, '', 0, 4, 0, 49, 2, 0, 0, 0, 0, 0, 'FALSE', 'FALSE'),
(18, 64, 0, 0, 0, 0, 0, '', 0, 0, 0, 0, 0, 0, 0, 0, 0, 0, 'FALSE', 'FALSE'),
(18, 71, 0, 0, 0, 0, 0, '', 0, 1, 0, 9, 0, 0, 0, 0, 0, 0, 'FALSE', 'FALSE'),
(18, 70, 0, 0, 0, 0, 0, '', 0, 4, 0, 44, 1, 1, 0, 0, 0, 0, 'FALSE', 'FALSE'),
(18, 74, 0, 0, 0, 0, 0, '', 0, 4, 0, 33, 1, 0, 0, 0, 0, 0, 'FALSE', 'FALSE'),
(18, 79, 0, 0, 0, 0, 0, '', 0, 2, 0, 22, 0, 1, 0, 0, 0, 0, 'FALSE', 'FALSE'),
(18, 85, 0, 0, 0, 0, 0, '', 0, 3, 0, 32, 0, 0, 0, 0, 0, 0, 'FALSE', 'FALSE'),
(19, 403, 0, 4, 4, 0, 0, 'bowled', 75, 0, 0, 0, 0, 0, 0, 0, 0, 0, 'FALSE', 'FALSE'),
(19, 396, 1, 7, 5, 0, 0, 'bowled', 70, 0, 0, 0, 0, 0, 0, 0, 0, 0, 'FALSE', 'FALSE'),
(19, 363, 91, 67, 55, 11, 3, 'bowled', 70, 0, 0, 0, 0, 0, 0, 0, 0, 0, 'TRUE', 'FALSE'),
(19, 408, 28, 47, 26, 3, 0, 'caught', 70, 0, 0, 0, 0, 0, 0, 0, 0, 0, 'FALSE', 'FALSE'),
(19, 381, 25, 35, 19, 0, 1, 'NO', 0, 0, 0, 0, 0, 0, 0, 1, 0, 0, 'FALSE', 'TRUE'),
(19, 376, 1, 3, 2, 0, 0, 'caught', 90, 4, 0, 26, 2, 1, 0, 0, 0, 0, 'FALSE', 'FALSE'),
(19, 374, 18, 11, 9, 3, 0, 'NO', 0, 4, 0, 27, 0, 0, 0, 0, 0, 0, 'FALSE', 'FALSE'),
(19, 384, 0, 0, 0, 0, 0, '', 0, 4, 0, 37, 0, 1, 0, 0, 0, 0, 'FALSE', 'FALSE'),
(19, 412, 0, 0, 0, 0, 0, '', 0, 2, 0, 20, 0, 0, 0, 0, 0, 0, 'FALSE', 'FALSE'),
(19, 405, 0, 0, 0, 0, 0, '', 0, 3, 0, 36, 0, 0, 0, 0, 0, 0, 'FALSE', 'FALSE'),
(19, 366, 0, 0, 0, 0, 0, '', 0, 3, 0, 17, 2, 0, 0, 1, 0, 0, 'FALSE', 'FALSE'),
(19, 65, 3, 12, 6, 0, 0, 'caught', 366, 0, 0, 0, 0, 0, 0, 0, 0, 0, 'FALSE', 'FALSE'),
(19, 72, 70, 67, 41, 10, 1, 'caught', 376, 3, 0, 27, 0, 0, 0, 0, 0, 0, 'FALSE', 'FALSE'),
(19, 66, 27, 31, 22, 2, 1, 'caught', 366, 0, 0, 0, 0, 0, 0, 0, 0, 0, 'FALSE', 'FALSE'),
(19, 68, 34, 49, 26, 1, 2, 'bowled', 376, 2, 0, 14, 0, 0, 0, 1, 0, 0, 'FALSE', 'FALSE'),
(19, 64, 22, 31, 23, 2, 0, 'NO', 0, 0, 0, 0, 0, 0, 0, 0, 0, 0, 'TRUE', 'TRUE'),
(19, 67, 4, 2, 2, 0, 0, 'NO', 0, 0, 0, 0, 0, 0, 0, 0, 0, 0, 'FALSE', 'FALSE'),
(19, 94, 0, 0, 0, 0, 0, '', 0, 0, 0, 0, 0, 0, 0, 0, 0, 0, 'FALSE', 'FALSE'),
(19, 70, 0, 0, 0, 0, 0, '', 0, 4, 0, 31, 3, 0, 0, 0, 0, 0, 'FALSE', 'FALSE'),
(19, 74, 0, 0, 0, 0, 0, '', 0, 3, 0, 34, 0, 1, 0, 1, 0, 0, 'FALSE', 'FALSE'),
(19, 75, 0, 0, 0, 0, 0, '', 0, 4, 0, 27, 1, 1, 0, 0, 0, 0, 'FALSE', 'FALSE'),
(19, 90, 0, 0, 0, 0, 0, '', 0, 4, 0, 33, 1, 0, 0, 0, 0, 0, 'FALSE', 'FALSE'),
(20, 65, 45, 70, 38, 5, 0, 'caught', 509, 0, 0, 0, 0, 0, 0, 2, 0, 0, 'FALSE', 'FALSE'),
(20, 70, 8, 14, 8, 1, 0, 'bowled', 509, 3, 0, 17, 2, 1, 0, 0, 0, 0, 'FALSE', 'FALSE'),
(20, 72, 40, 33, 32, 6, 0, 'caught', 494, 0, 0, 0, 0, 0, 0, 1, 0, 0, 'FALSE', 'FALSE'),
(20, 67, 55, 48, 33, 5, 1, 'NO', 0, 0, 0, 0, 0, 0, 0, 0, 0, 0, 'FALSE', 'FALSE'),
(20, 64, 9, 23, 8, 1, 0, 'caught', 502, 0, 0, 0, 0, 0, 0, 0, 1, 0, 'TRUE', 'TRUE'),
(20, 66, 1, 2, 1, 0, 0, 'NO', 0, 0, 0, 0, 0, 0, 0, 0, 0, 0, 'FALSE', 'FALSE'),
(20, 68, 0, 0, 0, 0, 0, '', 0, 0, 0, 2, 0, 0, 0, 0, 0, 0, 'FALSE', 'FALSE'),
(20, 69, 0, 0, 0, 0, 0, '', 0, 4, 2, 12, 4, 0, 0, 0, 0, 0, 'FALSE', 'FALSE'),
(20, 86, 0, 0, 0, 0, 0, '', 0, 4, 1, 13, 2, 0, 0, 0, 0, 0, 'FALSE', 'FALSE'),
(20, 82, 0, 0, 0, 0, 0, '', 0, 2, 0, 26, 1, 0, 0, 0, 0, 0, 'FALSE', 'FALSE'),
(20, 90, 0, 0, 0, 0, 0, '', 0, 1, 0, 10, 0, 0, 0, 0, 0, 1, 'FALSE', 'FALSE'),
(20, 499, 35, 38, 25, 4, 2, 'caught', 86, 0, 0, 0, 0, 0, 0, 1, 0, 0, 'TRUE', 'FALSE'),
(20, 507, 0, 4, 2, 0, 0, 'bowled', 70, 0, 0, 0, 0, 0, 0, 1, 0, 0, 'FALSE', 'FALSE'),
(20, 493, 6, 7, 4, 0, 1, 'lbw', 65, 0, 0, 0, 0, 0, 0, 0, 0, 0, 'FALSE', 'FALSE'),
(20, 497, 2, 12, 6, 0, 0, 'bowled', 69, 0, 0, 0, 0, 0, 0, 0, 0, 0, 'FALSE', 'FALSE'),
(20, 504, 1, 7, 8, 0, 0, 'bowled', 86, 0, 0, 0, 0, 0, 0, 1, 0, 0, 'FALSE', 'FALSE'),
(20, 501, 11, 16, 12, 1, 0, 'bowled', 69, 0, 0, 0, 0, 0, 0, 0, 0, 0, 'FALSE', 'FALSE'),
(20, 498, 1, 5, 8, 0, 0, 'caught', 69, 4, 0, 35, 0, 1, 0, 0, 0, 0, 'FALSE', 'FALSE'),
(20, 492, 3, 11, 3, 0, 0, 'caught', 82, 4, 0, 36, 0, 0, 0, 0, 0, 0, 'FALSE', 'TRUE'),
(20, 494, 0, 2, 3, 0, 0, 'stumped', 69, 4, 0, 17, 1, 1, 0, 0, 0, 0, 'FALSE', 'FALSE'),
(20, 509, 8, 14, 10, 1, 0, 'NO', 0, 4, 0, 33, 2, 3, 0, 0, 0, 0, 'FALSE', 'FALSE'),
(20, 502, 12, 11, 7, 2, 0, 'runout', 0, 4, 0, 45, 1, 3, 0, 0, 0, 0, 'FALSE', 'FALSE'),
(21, 65, 17, 12, 12, 3, 0, 'runout', 0, 0, 0, 0, 0, 0, 0, 0, 0, 0, 'FALSE', 'FALSE'),
(21, 70, 31, 48, 30, 2, 1, 'caught', 19, 1, 0, 19, 0, 0, 0, 0, 0, 0, 'FALSE', 'FALSE'),
(21, 72, 15, 18, 13, 2, 0, 'caught', 51, 1, 0, 10, 0, 0, 0, 0, 0, 0, 'FALSE', 'FALSE'),
(21, 68, 8, 11, 10, 1, 0, 'caught', 19, 2, 0, 16, 1, 0, 0, 0, 0, 0, 'FALSE', 'FALSE'),
(21, 67, 1, 5, 2, 0, 0, 'bowled', 59, 1, 0, 12, 0, 0, 0, 0, 0, 0, 'FALSE', 'FALSE'),
(21, 66, 26, 40, 19, 4, 0, 'caught', 19, 0, 0, 0, 0, 0, 0, 0, 0, 0, 'FALSE', 'FALSE'),
(21, 64, 15, 21, 21, 2, 0, 'caught', 51, 0, 0, 0, 0, 0, 0, 0, 0, 0, 'TRUE', 'TRUE'),
(21, 74, 16, 18, 12, 1, 1, 'NO', 0, 4, 0, 32, 0, 1, 0, 0, 0, 0, 'FALSE', 'FALSE'),
(21, 69, 1, 2, 1, 0, 0, 'NO', 0, 2, 0, 20, 0, 0, 0, 0, 0, 0, 'FALSE', 'FALSE'),
(21, 86, 0, 0, 0, 0, 0, '', 0, 1, 0, 14, 0, 0, 0, 0, 0, 0, 'FALSE', 'FALSE'),
(21, 75, 0, 0, 0, 0, 0, '', 0, 3, 0, 18, 0, 1, 0, 0, 0, 0, 'FALSE', 'FALSE'),
(21, 19, 72, 55, 42, 2, 7, 'caught', 68, 4, 0, 34, 3, 0, 0, 0, 0, 0, 'FALSE', 'FALSE'),
(21, 32, 63, 60, 41, 7, 3, 'NO', 0, 0, 0, 0, 0, 0, 0, 0, 0, 0, 'FALSE', 'FALSE'),
(21, 58, 4, 4, 6, 0, 0, 'NO', 0, 2, 0, 11, 0, 0, 0, 2, 0, 0, 'FALSE', 'FALSE'),
(21, 4, 0, 0, 0, 0, 0, '', 0, 0, 0, 0, 0, 0, 0, 0, 0, 0, 'FALSE', 'FALSE'),
(21, 22, 0, 0, 0, 0, 0, '', 0, 0, 0, 0, 0, 0, 0, 1, 0, 0, 'FALSE', 'FALSE'),
(21, 55, 0, 0, 0, 0, 0, '', 0, 0, 0, 0, 0, 0, 0, 1, 0, 0, 'FALSE', 'FALSE'),
(21, 53, 0, 0, 0, 0, 0, '', 0, 0, 0, 0, 0, 0, 0, 0, 0, 0, 'FALSE', 'FALSE'),
(21, 44, 0, 0, 0, 0, 0, '', 0, 2, 0, 19, 0, 0, 0, 1, 0, 0, 'FALSE', 'FALSE'),
(21, 18, 0, 0, 0, 0, 0, '', 0, 4, 0, 29, 0, 2, 0, 0, 0, 0, 'FALSE', 'FALSE'),
(21, 51, 0, 0, 0, 0, 0, '', 0, 4, 0, 16, 2, 0, 0, 0, 0, 1, 'FALSE', 'FALSE'),
(21, 59, 0, 0, 0, 0, 0, '', 0, 4, 0, 27, 1, 0, 0, 0, 0, 0, 'FALSE', 'FALSE'),
(22, 315, 15, 48, 28, 1, 0, 'bowled', 72, 1, 0, 7, 0, 0, 0, 0, 0, 0, 'FALSE', 'TRUE'),
(22, 322, 8, 8, 5, 2, 0, 'lbw', 315, 0, 0, 0, 0, 0, 0, 0, 0, 0, 'FALSE', 'FALSE'),
(22, 318, 14, 15, 12, 2, 0, 'caught', 90, 4, 0, 34, 1, 0, 0, 0, 0, 0, 'FALSE', 'FALSE'),
(22, 357, 4, 9, 5, 0, 0, 'caught', 68, 0, 0, 0, 0, 0, 0, 0, 0, 0, 'FALSE', 'FALSE'),
(22, 313, 5, 5, 6, 0, 0, 'caught', 68, 0, 0, 0, 0, 0, 0, 0, 0, 0, 'TRUE', 'FALSE'),
(22, 681, 28, 29, 22, 3, 0, 'caught', 74, 0, 0, 0, 0, 0, 0, 0, 0, 0, 'FALSE', 'FALSE'),
(22, 343, 21, 31, 18, 0, 1, 'caught', 74, 0, 0, 0, 0, 0, 0, 0, 0, 0, 'FALSE', 'FALSE'),
(22, 328, 8, 12, 11, 1, 0, 'runout', 0, 1, 0, 11, 0, 0, 0, 0, 0, 0, 'FALSE', 'FALSE'),
(22, 330, 12, 10, 10, 1, 1, 'caught', 90, 3, 0, 30, 0, 1, 1, 1, 0, 0, 'FALSE', 'FALSE'),
(22, 340, 1, 6, 2, 0, 0, 'caught', 90, 4, 0, 25, 0, 0, 0, 0, 0, 0, 'FALSE', 'FALSE'),
(22, 358, 0, 2, 0, 0, 0, 'NO', 0, 4, 0, 22, 1, 1, 0, 1, 0, 0, 'FALSE', 'FALSE'),
(22, 65, 0, 2, 2, 0, 0, 'caught', 358, 0, 0, 0, 0, 0, 0, 0, 0, 0, 'FALSE', 'FALSE'),
(22, 73, 29, 38, 24, 4, 0, 'caught', 318, 0, 0, 0, 0, 0, 0, 0, 0, 0, 'FALSE', 'FALSE'),
(22, 72, 78, 61, 61, 8, 2, 'NO', 0, 3, 0, 21, 1, 0, 1, 0, 0, 0, 'FALSE', 'FALSE'),
(22, 68, 19, 24, 16, 2, 0, 'NO', 0, 3, 0, 16, 2, 0, 0, 0, 0, 1, 'FALSE', 'FALSE'),
(22, 66, 0, 0, 0, 0, 0, '', 0, 0, 0, 0, 0, 0, 0, 2, 0, 0, 'FALSE', 'FALSE'),
(22, 67, 0, 0, 0, 0, 0, '', 0, 0, 0, 0, 0, 0, 0, 1, 0, 0, 'FALSE', 'FALSE'),
(22, 64, 0, 0, 0, 0, 0, '', 0, 0, 0, 0, 0, 0, 0, 4, 0, 0, 'FALSE', 'FALSE'),
(22, 70, 0, 0, 0, 0, 0, '', 0, 3, 0, 30, 1, 1, 0, 0, 0, 0, 'FALSE', 'FALSE'),
(22, 74, 0, 0, 0, 0, 0, '', 0, 4, 0, 16, 2, 1, 0, 0, 0, 0, 'FALSE', 'FALSE'),
(22, 75, 0, 0, 0, 0, 0, '', 0, 3, 0, 22, 0, 3, 0, 0, 0, 0, 'FALSE', 'FALSE'),
(22, 90, 0, 0, 0, 0, 0, '', 0, 3, 0, 22, 3, 0, 0, 0, 0, 0, 'FALSE', 'FALSE'),
(23, 65, 8, 15, 12, 1, 0, 'bowled', 281, 0, 0, 0, 0, 0, 0, 1, 0, 0, 'FALSE', 'FALSE'),
(23, 73, 17, 25, 14, 1, 1, 'bowled', 275, 0, 0, 0, 0, 0, 0, 1, 0, 0, 'FALSE', 'FALSE'),
(23, 72, 2, 5, 6, 0, 0, 'caught', 257, 0, 0, 0, 0, 0, 0, 0, 0, 0, 'FALSE', 'FALSE'),
(23, 67, 25, 48, 27, 2, 0, 'lbw', 65, 1, 0, 13, 0, 0, 0, 1, 0, 0, 'FALSE', 'FALSE'),
(23, 68, 21, 18, 15, 1, 2, 'bowled', 281, 4, 0, 23, 2, 0, 0, 0, 0, 0, 'FALSE', 'FALSE'),
(23, 66, 45, 45, 34, 5, 0, 'runout', 0, 0, 0, 0, 0, 0, 0, 3, 0, 0, 'FALSE', 'FALSE'),
(23, 64, 23, 20, 13, 3, 0, 'NO', 0, 0, 0, 0, 0, 0, 0, 0, 0, 0, 'TRUE', 'TRUE'),
(23, 70, 0, 0, 0, 0, 0, '', 0, 3, 0, 26, 1, 0, 0, 0, 0, 0, 'FALSE', 'FALSE'),
(23, 74, 0, 0, 0, 0, 0, '', 0, 4, 0, 27, 1, 0, 1, 0, 0, 0, 'FALSE', 'FALSE'),
(23, 90, 0, 0, 0, 0, 0, '', 0, 4, 0, 37, 3, 0, 0, 0, 0, 0, 'FALSE', 'FALSE'),
(23, 75, 0, 0, 0, 0, 0, '', 0, 4, 0, 22, 3, 0, 0, 0, 0, 0, 'FALSE', 'FALSE'),
(23, 291, 0, 2, 2, 0, 0, 'caught', 75, 0, 0, 0, 0, 0, 0, 0, 0, 0, 'FALSE', 'FALSE'),
(23, 257, 6, 16, 8, 1, 0, 'caught', 70, 3, 0, 24, 1, 0, 0, 0, 0, 0, 'FALSE', 'FALSE'),
(23, 273, 13, 27, 13, 2, 0, 'bowled', 68, 0, 0, 0, 0, 0, 0, 1, 0, 1, 'TRUE', 'TRUE'),
(23, 305, 65, 40, 38, 6, 2, 'caught', 68, 1, 0, 3, 0, 0, 0, 0, 0, 0, 'FALSE', 'FALSE'),
(23, 283, 16, 39, 23, 0, 0, 'caught', 90, 1, 0, 6, 0, 0, 0, 0, 0, 0, 'FALSE', 'FALSE'),
(23, 303, 13, 26, 12, 1, 0, 'caught', 75, 0, 0, 0, 0, 0, 0, 0, 0, 0, 'FALSE', 'FALSE'),
(23, 275, 10, 17, 10, 1, 0, 'bowled', 75, 4, 0, 25, 2, 0, 0, 0, 0, 0, 'FALSE', 'FALSE'),
(23, 260, 10, 12, 6, 0, 1, 'bowled', 90, 0, 0, 0, 0, 0, 0, 0, 0, 0, 'FALSE', 'FALSE'),
(23, 266, 8, 6, 5, 0, 1, 'caught', 74, 3, 0, 30, 0, 0, 0, 0, 0, 1, 'FALSE', 'FALSE'),
(23, 284, 0, 7, 0, 0, 0, 'NO', 0, 4, 1, 26, 0, 0, 0, 0, 0, 0, 'FALSE', 'FALSE'),
(23, 281, 6, 2, 3, 0, 1, 'bowled', 90, 4, 0, 28, 2, 0, 1, 0, 0, 0, 'FALSE', 'FALSE'),
(24, 32, 90, 91, 62, 5, 3, 'NO', 0, 0, 0, 0, 0, 0, 0, 0, 0, 0, 'FALSE', 'FALSE'),
(24, 49, 1, 8, 3, 0, 0, 'caught', 549, 1, 0, 9, 0, 0, 0, 0, 0, 0, 'FALSE', 'FALSE'),
(24, 30, 6, 22, 17, 0, 0, 'runout', 0, 0, 0, 0, 0, 0, 0, 0, 0, 0, 'FALSE', 'FALSE'),
(24, 55, 11, 9, 9, 0, 1, 'caught', 550, 0, 0, 0, 0, 0, 0, 0, 0, 0, 'FALSE', 'TRUE'),
(24, 28, 25, 49, 29, 0, 0, 'NO', 0, 0, 0, 0, 0, 0, 0, 1, 0, 0, 'FALSE', 'FALSE'),
(24, 53, 0, 0, 0, 0, 0, '', 0, 0, 0, 0, 0, 0, 0, 1, 0, 0, 'FALSE', 'FALSE'),
(24, 58, 0, 0, 0, 0, 0, '', 0, 3, 0, 15, 2, 0, 0, 0, 0, 0, 'FALSE', 'FALSE'),
(24, 60, 0, 0, 0, 0, 0, '', 0, 3, 0, 27, 0, 0, 0, 1, 0, 0, 'FALSE', 'FALSE'),
(24, 59, 0, 0, 0, 0, 0, '', 0, 4, 0, 19, 1, 1, 0, 0, 0, 0, 'FALSE', 'FALSE'),
(24, 56, 0, 0, 0, 0, 0, '', 0, 4, 0, 21, 2, 0, 0, 0, 0, 0, 'FALSE', 'FALSE'),
(24, 37, 0, 0, 0, 0, 0, '', 0, 4, 0, 46, 0, 0, 0, 1, 0, 0, 'FALSE', 'FALSE'),
(24, 581, 33, 36, 22, 2, 1, 'caught', 58, 0, 0, 0, 0, 0, 0, 1, 0, 0, 'FALSE', 'FALSE'),
(24, 542, 16, 31, 21, 0, 1, 'caught', 56, 0, 0, 0, 0, 0, 0, 1, 0, 1, 'FALSE', 'FALSE'),
(24, 543, 8, 16, 10, 1, 0, 'bowled', 56, 0, 0, 0, 0, 0, 0, 0, 0, 0, 'FALSE', 'FALSE'),
(24, 555, 5, 4, 6, 0, 0, 'caught', 58, 0, 0, 0, 0, 0, 0, 0, 0, 0, 'TRUE', 'FALSE'),
(24, 546, 35, 44, 27, 3, 1, 'NO', 0, 4, 0, 39, 0, 1, 0, 0, 0, 0, 'FALSE', 'TRUE'),
(24, 558, 20, 17, 15, 2, 0, 'caught', 59, 0, 0, 0, 0, 0, 0, 0, 0, 0, 'FALSE', 'FALSE'),
(24, 550, 19, 19, 12, 0, 2, 'NO', 0, 4, 0, 29, 1, 0, 0, 0, 0, 0, 'FALSE', 'FALSE'),
(24, 556, 0, 0, 0, 0, 0, '', 0, 0, 0, 0, 0, 0, 0, 0, 0, 0, 'FALSE', 'FALSE'),
(24, 549, 0, 0, 0, 0, 0, '', 0, 4, 0, 21, 1, 0, 0, 0, 0, 0, 'FALSE', 'FALSE'),
(24, 548, 0, 0, 0, 0, 0, '', 0, 4, 0, 26, 0, 0, 0, 0, 0, 0, 'FALSE', 'FALSE'),
(24, 545, 0, 0, 0, 0, 0, '', 0, 4, 0, 19, 0, 0, 0, 0, 0, 0, 'FALSE', 'FALSE'),
(25, 403, 1, 27, 12, 0, 0, 'lbw', 403, 0, 0, 0, 0, 0, 0, 0, 0, 0, 'FALSE', 'FALSE'),
(25, 414, 4, 6, 5, 1, 0, 'bowled', 549, 0, 0, 0, 0, 0, 0, 0, 0, 0, 'FALSE', 'FALSE'),
(25, 363, 1, 11, 10, 0, 0, 'caught', 549, 0, 0, 0, 0, 0, 0, 0, 0, 0, 'TRUE', 'FALSE'),
(25, 381, 4, 24, 10, 0, 0, 'caught', 550, 0, 0, 0, 0, 0, 0, 0, 0, 0, 'FALSE', 'TRUE'),
(25, 376, 2, 7, 7, 0, 0, 'caught', 550, 0, 0, 0, 0, 0, 0, 0, 0, 0, 'FALSE', 'FALSE'),
(25, 400, 8, 11, 11, 1, 0, 'caught', 566, 0, 0, 0, 0, 0, 0, 0, 0, 0, 'FALSE', 'FALSE'),
(25, 413, 16, 12, 10, 1, 1, 'caught', 566, 0, 0, 0, 0, 0, 0, 0, 0, 0, 'FALSE', 'FALSE'),
(25, 374, 10, 19, 9, 1, 0, 'NO', 0, 1, 0, 3, 0, 0, 0, 0, 0, 0, 'FALSE', 'FALSE'),
(25, 389, 21, 10, 10, 4, 0, 'NO', 0, 0, 0, 0, 0, 0, 0, 0, 0, 0, 'FALSE', 'FALSE'),
(25, 412, 0, 0, 0, 0, 0, '', 0, 0, 0, 0, 0, 0, 0, 0, 0, 0, 'FALSE', 'FALSE'),
(25, 366, 0, 0, 0, 0, 0, '', 0, 1, 0, 3, 0, 0, 0, 0, 0, 0, 'FALSE', 'FALSE'),
(25, 572, 4, 7, 4, 0, 0, 'NO', 0, 0, 0, 0, 0, 0, 0, 0, 0, 0, 'FALSE', 'FALSE'),
(25, 542, 2, 7, 8, 0, 0, 'NO', 0, 0, 0, 0, 0, 0, 0, 0, 0, 0, 'FALSE', 'FALSE'),
(25, 544, 0, 0, 0, 0, 0, '', 0, 0, 0, 0, 0, 0, 0, 2, 0, 0, 'FALSE', 'FALSE'),
(25, 546, 0, 0, 0, 0, 0, '', 0, 3, 1, 4, 0, 0, 0, 0, 0, 0, 'FALSE', 'FALSE'),
(25, 556, 0, 0, 0, 0, 0, '', 0, 0, 0, 0, 0, 0, 0, 0, 0, 0, 'FALSE', 'FALSE'),
(25, 558, 0, 0, 0, 0, 0, '', 0, 0, 0, 0, 0, 0, 0, 1, 0, 0, 'FALSE', 'FALSE'),
(25, 550, 0, 0, 0, 0, 0, '', 0, 3, 0, 22, 2, 1, 0, 1, 0, 0, 'FALSE', 'FALSE'),
(25, 549, 0, 0, 0, 0, 0, '', 0, 3, 0, 13, 2, 2, 0, 0, 0, 0, 'FALSE', 'FALSE'),
(25, 566, 0, 0, 0, 0, 0, '', 0, 2, 0, 9, 2, 0, 0, 0, 0, 0, 'FALSE', 'FALSE'),
(25, 555, 0, 0, 0, 0, 0, '', 0, 0, 0, 0, 0, 0, 0, 1, 0, 0, 'FALSE', 'FALSE'),
(25, 577, 0, 0, 0, 0, 0, '', 0, 3, 0, 23, 1, 1, 0, 0, 0, 0, 'FALSE', 'FALSE'),
(26, 122, 0, 3, 5, 0, 0, 'caught', 546, 0, 0, 0, 0, 0, 0, 1, 0, 0, 'FALSE', 'FALSE'),
(26, 113, 3, 26, 16, 0, 0, 'lbw', 122, 2, 0, 14, 0, 0, 0, 0, 0, 0, 'FALSE', 'FALSE'),
(26, 114, 78, 70, 56, 3, 6, 'caught', 566, 4, 0, 15, 1, 0, 0, 0, 0, 0, 'FALSE', 'FALSE'),
(26, 110, 19, 29, 19, 0, 1, 'lbw', 122, 0, 0, 0, 0, 0, 0, 2, 0, 1, 'FALSE', 'FALSE'),
(26, 111, 2, 6, 4, 0, 0, 'caught', 548, 0, 0, 0, 0, 0, 0, 1, 0, 0, 'FALSE', 'FALSE'),
(26, 126, 0, 2, 1, 0, 0, 'lbw', 122, 0, 0, 0, 0, 0, 0, 0, 0, 0, 'FALSE', 'FALSE'),
(26, 109, 26, 23, 15, 3, 0, 'NO', 0, 2, 0, 6, 2, 0, 0, 1, 0, 0, 'FALSE', 'TRUE'),
(26, 112, 4, 13, 4, 0, 0, 'NO', 0, 0, 0, 0, 0, 0, 0, 0, 0, 1, 'TRUE', 'FALSE'),
(26, 124, 0, 0, 0, 0, 0, '', 0, 3, 0, 9, 3, 0, 0, 0, 0, 1, 'FALSE', 'FALSE'),
(26, 117, 0, 0, 0, 0, 0, '', 0, 3, 0, 31, 1, 0, 1, 0, 0, 0, 'FALSE', 'FALSE'),
(26, 129, 0, 0, 0, 0, 0, '', 0, 4, 0, 24, 1, 0, 0, 1, 0, 0, 'FALSE', 'FALSE'),
(26, 543, 33, 52, 36, 2, 0, 'caught', 124, 0, 0, 0, 0, 0, 0, 0, 0, 0, 'FALSE', 'TRUE'),
(26, 542, 0, 3, 3, 0, 0, 'bowled', 117, 0, 0, 0, 0, 0, 0, 0, 0, 0, 'FALSE', 'FALSE'),
(26, 544, 22, 33, 26, 2, 0, 'caught', 129, 0, 0, 0, 0, 0, 0, 0, 0, 0, 'TRUE', 'FALSE'),
(26, 546, 1, 5, 5, 0, 0, 'bowled', 109, 4, 1, 11, 1, 1, 0, 0, 0, 0, 'FALSE', 'FALSE'),
(26, 556, 3, 10, 3, 0, 0, 'runout', 0, 2, 0, 20, 0, 0, 0, 1, 0, 0, 'FALSE', 'FALSE'),
(26, 550, 3, 6, 5, 0, 0, 'runout', 0, 0, 0, 0, 0, 0, 0, 0, 0, 0, 'FALSE', 'FALSE'),
(26, 558, 4, 9, 7, 0, 0, 'caught', 109, 0, 0, 0, 0, 0, 0, 0, 0, 0, 'FALSE', 'FALSE'),
(26, 549, 26, 16, 13, 3, 1, 'caught', 124, 3, 0, 22, 0, 1, 0, 1, 0, 0, 'FALSE', 'FALSE'),
(26, 545, 5, 22, 13, 0, 0, 'caught', 124, 4, 0, 54, 0, 0, 0, 0, 0, 0, 'FALSE', 'FALSE'),
(26, 548, 1, 5, 2, 0, 0, 'caught', 114, 4, 0, 12, 4, 1, 0, 0, 0, 0, 'FALSE', 'FALSE'),
(26, 566, 0, 3, 0, 0, 0, 'NO', 0, 3, 0, 16, 1, 0, 0, 1, 0, 0, 'FALSE', 'FALSE'),
(27, 543, 42, 42, 38, 5, 1, 'caught', 494, 0, 0, 0, 0, 0, 0, 1, 0, 0, 'FALSE', 'FALSE'),
(27, 542, 16, 20, 12, 1, 1, 'lbw', 543, 0, 0, 0, 0, 0, 0, 1, 0, 0, 'FALSE', 'FALSE'),
(27, 544, 13, 22, 12, 1, 0, 'caught', 494, 0, 0, 0, 0, 0, 0, 0, 0, 0, 'TRUE', 'TRUE'),
(27, 546, 28, 24, 19, 3, 1, 'bowled', 492, 3, 0, 21, 0, 0, 0, 0, 0, 0, 'FALSE', 'FALSE'),
(27, 556, 18, 21, 13, 2, 1, 'caught', 492, 1, 0, 5, 1, 0, 0, 0, 0, 0, 'FALSE', 'FALSE'),
(27, 558, 13, 17, 7, 1, 1, 'bowled', 492, 0, 0, 0, 0, 0, 0, 0, 0, 0, 'FALSE', 'FALSE'),
(27, 550, 26, 21, 16, 0, 2, 'NO', 0, 0, 0, 0, 0, 0, 0, 0, 0, 0, 'FALSE', 'FALSE'),
(27, 549, 1, 5, 3, 0, 0, 'NO', 0, 4, 0, 22, 1, 0, 1, 1, 0, 0, 'FALSE', 'FALSE'),
(27, 566, 0, 0, 0, 0, 0, '', 0, 4, 0, 26, 2, 0, 0, 0, 0, 0, 'FALSE', 'FALSE'),
(27, 545, 0, 0, 0, 0, 0, '', 0, 4, 0, 31, 5, 1, 0, 0, 0, 0, 'FALSE', 'FALSE'),
(27, 548, 0, 0, 0, 0, 0, '', 0, 4, 0, 40, 0, 1, 0, 1, 0, 0, 'FALSE', 'FALSE'),
(27, 493, 12, 10, 11, 1, 1, 'caught', 545, 0, 0, 0, 0, 0, 0, 0, 0, 0, 'FALSE', 'FALSE'),
(27, 507, 3, 15, 5, 0, 0, 'lbw', 543, 0, 0, 0, 0, 0, 0, 0, 0, 0, 'FALSE', 'FALSE'),
(27, 504, 2, 1, 2, 0, 0, 'caught', 545, 0, 0, 0, 0, 0, 0, 1, 0, 0, 'TRUE', 'FALSE'),
(27, 505, 67, 65, 48, 8, 2, 'bowled', 545, 2, 0, 27, 0, 0, 0, 0, 0, 0, 'FALSE', 'FALSE'),
(27, 497, 10, 27, 15, 1, 0, 'lbw', 543, 0, 0, 0, 0, 0, 0, 1, 0, 0, 'FALSE', 'FALSE'),
(27, 500, 1, 4, 6, 0, 0, 'bowled', 556, 2, 0, 12, 0, 1, 0, 1, 0, 0, 'FALSE', 'FALSE'),
(27, 501, 8, 8, 7, 0, 0, 'caught', 545, 0, 0, 0, 0, 0, 0, 0, 0, 0, 'FALSE', 'FALSE'),
(27, 492, 1, 2, 2, 0, 0, 'caught', 566, 4, 0, 32, 3, 1, 0, 0, 0, 0, 'FALSE', 'TRUE'),
(27, 494, 34, 22, 20, 4, 1, 'bowled', 549, 4, 0, 26, 2, 0, 0, 0, 0, 0, 'FALSE', 'FALSE'),
(27, 509, 1, 7, 3, 0, 0, 'NO', 0, 4, 0, 24, 1, 1, 0, 0, 0, 0, 'FALSE', 'FALSE'),
(27, 502, 2, 3, 2, 0, 0, 'NO', 0, 4, 0, 42, 0, 2, 0, 0, 0, 0, 'FALSE', 'FALSE'),
(28, 122, 12, 23, 21, 2, 0, 'stumped', 548, 0, 0, 0, 0, 0, 0, 0, 0, 0, 'FALSE', 'FALSE'),
(28, 113, 2, 26, 9, 0, 0, 'caught', 549, 0, 0, 2, 0, 0, 0, 0, 0, 0, 'FALSE', 'FALSE'),
(28, 114, 50, 64, 35, 4, 2, 'caught', 546, 0, 0, 0, 0, 0, 0, 0, 0, 0, 'FALSE', 'FALSE'),
(28, 110, 40, 36, 34, 4, 2, 'caught', 556, 0, 0, 0, 0, 0, 0, 0, 0, 0, 'FALSE', 'FALSE'),
(28, 111, 1, 8, 6, 0, 0, 'bowled', 548, 0, 0, 0, 0, 0, 0, 0, 0, 0, 'FALSE', 'FALSE'),
(28, 126, 19, 19, 14, 0, 1, 'NO', 0, 1, 0, 11, 0, 0, 0, 0, 0, 0, 'FALSE', 'FALSE'),
(28, 109, 1, 2, 1, 0, 0, 'NO', 0, 4, 0, 28, 0, 1, 0, 0, 0, 0, 'FALSE', 'TRUE'),
(28, 112, 0, 0, 0, 0, 0, '', 0, 0, 0, 0, 0, 0, 0, 1, 0, 0, 'FALSE', 'FALSE'),
(28, 124, 0, 0, 0, 0, 0, '', 0, 4, 0, 23, 0, 0, 0, 0, 0, 0, 'FALSE', 'FALSE'),
(28, 117, 0, 0, 0, 0, 0, '', 0, 4, 0, 39, 1, 4, 0, 0, 0, 0, 'FALSE', 'FALSE'),
(28, 116, 0, 0, 0, 0, 0, '', 0, 2, 0, 24, 0, 1, 0, 0, 0, 0, 'FALSE', 'FALSE'),
(28, 543, 65, 72, 49, 10, 1, 'NO', 0, 0, 0, 0, 0, 0, 0, 0, 0, 0, 'FALSE', 'TRUE'),
(28, 542, 13, 15, 9, 3, 0, 'caught', 117, 0, 0, 0, 0, 0, 0, 2, 0, 0, 'FALSE', 'FALSE'),
(28, 544, 39, 56, 34, 5, 0, 'NO', 0, 0, 0, 0, 0, 0, 0, 1, 1, 0, 'TRUE', 'FALSE'),
(28, 546, 0, 0, 0, 0, 0, '', 0, 4, 0, 31, 1, 0, 0, 0, 0, 0, 'FALSE', 'FALSE'),
(28, 556, 0, 0, 0, 0, 0, '', 0, 2, 0, 12, 1, 0, 0, 0, 0, 0, 'FALSE', 'FALSE'),
(28, 558, 0, 0, 0, 0, 0, '', 0, 0, 0, 0, 0, 0, 0, 0, 0, 0, 'FALSE', 'FALSE'),
(28, 550, 0, 0, 0, 0, 0, '', 0, 0, 0, 0, 0, 0, 0, 0, 0, 0, 'FALSE', 'FALSE'),
(28, 549, 0, 0, 0, 0, 0, '', 0, 4, 0, 28, 1, 0, 0, 0, 0, 0, 'FALSE', 'FALSE'),
(28, 545, 0, 0, 0, 0, 0, '', 0, 4, 0, 26, 0, 0, 0, 0, 0, 0, 'FALSE', 'FALSE'),
(28, 562, 0, 0, 0, 0, 0, '', 0, 2, 0, 16, 0, 0, 0, 0, 0, 0, 'FALSE', 'FALSE'),
(28, 548, 0, 0, 0, 0, 0, '', 0, 4, 1, 12, 2, 0, 0, 0, 0, 0, 'FALSE', 'FALSE'),
(29, 403, 58, 71, 40, 3, 4, 'caught', 566, 0, 0, 0, 0, 0, 0, 0, 0, 0, 'FALSE', 'FALSE'),
(29, 396, 38, 34, 30, 6, 0, 'caught', 566, 0, 0, 0, 0, 0, 0, 0, 0, 0, 'FALSE', 'FALSE'),
(29, 363, 25, 22, 16, 0, 2, 'caught', 548, 0, 0, 0, 0, 0, 0, 0, 0, 2, 'TRUE', 'FALSE'),
(29, 381, 23, 26, 15, 2, 0, 'bowled', 549, 0, 0, 0, 0, 0, 0, 1, 0, 1, 'FALSE', 'TRUE'),
(29, 374, 6, 15, 6, 1, 0, 'caught', 549, 3, 0, 26, 1, 0, 0, 0, 0, 1, 'FALSE', 'FALSE'),
(29, 385, 3, 10, 4, 0, 0, 'bowled', 545, 3, 0, 25, 0, 0, 0, 0, 0, 0, 'FALSE', 'FALSE'),
(29, 376, 8, 14, 5, 1, 0, 'NO', 0, 4, 0, 34, 2, 0, 0, 0, 0, 1, 'FALSE', 'FALSE'),
(29, 408, 4, 8, 4, 0, 0, 'runout', 0, 0, 0, 0, 0, 0, 0, 0, 0, 0, 'FALSE', 'FALSE'),
(29, 384, 0, 0, 0, 0, 0, '', 0, 4, 0, 29, 0, 1, 0, 1, 0, 0, 'FALSE', 'FALSE'),
(29, 389, 0, 0, 0, 0, 0, '', 0, 4, 0, 44, 0, 1, 0, 0, 0, 1, 'FALSE', 'FALSE'),
(29, 366, 0, 0, 0, 0, 0, '', 0, 2, 0, 15, 0, 0, 0, 0, 0, 0, 'FALSE', 'FALSE'),
(29, 543, 44, 32, 26, 3, 3, 'caught', 374, 0, 0, 0, 0, 0, 0, 0, 0, 0, 'FALSE', 'TRUE'),
(29, 542, 76, 81, 53, 5, 3, 'runout', 0, 0, 0, 0, 0, 0, 0, 1, 0, 0, 'FALSE', 'FALSE'),
(29, 544, 21, 19, 14, 4, 0, 'runout', 0, 0, 0, 0, 0, 0, 0, 0, 0, 1, 'TRUE', 'FALSE'),
(29, 556, 8, 10, 9, 1, 0, 'caught', 376, 2, 0, 13, 0, 0, 0, 0, 0, 1, 'FALSE', 'FALSE'),
(29, 546, 12, 33, 11, 0, 0, 'NO', 0, 2, 0, 14, 0, 0, 0, 0, 0, 0, 'FALSE', 'FALSE'),
(29, 550, 5, 5, 3, 1, 0, 'bowled', 376, 0, 0, 0, 0, 0, 0, 2, 0, 0, 'FALSE', 'FALSE'),
(29, 558, 5, 10, 4, 1, 0, 'runout', 0, 0, 0, 0, 0, 0, 0, 1, 0, 0, 'FALSE', 'FALSE');
INSERT INTO `scoretable` (`idMatch`, `idPlayer`, `runsScored`, `ballsFaced`, `fours`, `sixes`, `minutes`, `dismissalMode`, `wicketTaker`, `oversBowled`, `maidens`, `runsConceded`, `wickets`, `wides`, `noBalls`, `catches`, `stumps`, `runouts`, `isWicketKeeper`, `isCaptain`) VALUES
(29, 549, 0, 0, 0, 0, 0, '', 0, 4, 0, 33, 2, 2, 0, 0, 0, 0, 'FALSE', 'FALSE'),
(29, 545, 0, 0, 0, 0, 0, '', 0, 4, 0, 30, 1, 1, 0, 0, 0, 0, 'FALSE', 'FALSE'),
(29, 548, 0, 0, 0, 0, 0, '', 0, 4, 0, 48, 1, 1, 0, 0, 0, 0, 'FALSE', 'FALSE'),
(29, 566, 0, 0, 0, 0, 0, '', 0, 4, 0, 32, 2, 0, 0, 0, 0, 0, 'FALSE', 'FALSE'),
(30, 301, 4, 2, 4, 0, 0, 'caught', 549, 0, 0, 0, 0, 0, 0, 0, 0, 0, 'FALSE', 'FALSE'),
(30, 291, 16, 14, 9, 3, 0, 'stumped', 562, 0, 0, 0, 0, 0, 0, 0, 0, 0, 'FALSE', 'FALSE'),
(30, 305, 13, 29, 11, 0, 0, 'caught', 550, 0, 0, 0, 0, 0, 0, 0, 0, 0, 'FALSE', 'FALSE'),
(30, 273, 30, 15, 13, 1, 2, 'caught', 545, 0, 0, 0, 0, 0, 0, 1, 0, 1, 'TRUE', 'TRUE'),
(30, 283, 12, 5, 5, 1, 1, 'NO', 0, 0, 0, 0, 0, 0, 0, 1, 0, 0, 'FALSE', 'FALSE'),
(30, 260, 0, 2, 0, 0, 0, 'NO', 0, 1, 0, 8, 1, 1, 0, 0, 0, 1, 'FALSE', 'FALSE'),
(30, 303, 0, 0, 0, 0, 0, '', 0, 0, 0, 0, 0, 0, 0, 2, 0, 0, 'FALSE', 'FALSE'),
(30, 257, 0, 0, 0, 0, 0, '', 0, 1, 0, 9, 1, 0, 0, 0, 0, 0, 'FALSE', 'FALSE'),
(30, 266, 0, 0, 0, 0, 0, '', 0, 1, 0, 9, 0, 0, 0, 0, 0, 0, 'FALSE', 'FALSE'),
(30, 284, 0, 0, 0, 0, 0, '', 0, 2, 0, 10, 2, 1, 0, 0, 0, 0, 'FALSE', 'FALSE'),
(30, 281, 0, 0, 0, 0, 0, '', 0, 2, 0, 9, 0, 0, 0, 0, 0, 0, 'FALSE', 'FALSE'),
(30, 543, 4, 12, 6, 1, 0, 'caught', 284, 0, 0, 0, 0, 0, 0, 0, 0, 0, 'FALSE', 'TRUE'),
(30, 542, 0, 5, 0, 0, 0, 'runout', 0, 0, 0, 0, 0, 0, 0, 0, 0, 0, 'FALSE', 'FALSE'),
(30, 572, 13, 30, 14, 1, 0, 'caught', 260, 0, 0, 0, 0, 0, 0, 1, 0, 0, 'FALSE', 'FALSE'),
(30, 544, 13, 13, 11, 1, 0, 'caught', 257, 0, 0, 0, 0, 0, 0, 0, 1, 0, 'TRUE', 'FALSE'),
(30, 550, 1, 5, 3, 0, 0, 'caught', 284, 1, 0, 12, 1, 0, 0, 0, 0, 0, 'FALSE', 'FALSE'),
(30, 556, 7, 8, 5, 1, 0, 'NO', 0, 0, 0, 0, 0, 0, 0, 2, 0, 0, 'FALSE', 'FALSE'),
(30, 558, 5, 2, 3, 0, 0, 'NO', 0, 0, 0, 0, 0, 0, 0, 0, 0, 0, 'FALSE', 'FALSE'),
(30, 546, 0, 0, 0, 0, 0, '', 0, 1, 0, 8, 0, 0, 0, 0, 0, 0, 'FALSE', 'FALSE'),
(30, 549, 0, 0, 0, 0, 0, '', 0, 1, 0, 9, 1, 0, 0, 0, 0, 0, 'FALSE', 'FALSE'),
(30, 562, 0, 0, 0, 0, 0, '', 0, 2, 0, 21, 1, 0, 0, 0, 0, 0, 'FALSE', 'FALSE'),
(30, 545, 0, 0, 0, 0, 0, '', 0, 2, 0, 27, 1, 2, 0, 0, 0, 0, 'FALSE', 'FALSE'),
(31, 572, 17, 33, 19, 3, 0, 'runout', 0, 0, 0, 0, 0, 0, 0, 0, 0, 0, 'FALSE', 'FALSE'),
(31, 542, 39, 49, 28, 5, 0, 'caught', 600, 0, 0, 0, 0, 0, 0, 0, 0, 0, 'FALSE', 'FALSE'),
(31, 543, 13, 22, 18, 1, 0, 'runout', 0, 0, 0, 0, 0, 0, 0, 1, 0, 0, 'FALSE', 'TRUE'),
(31, 544, 44, 48, 26, 2, 1, 'runout', 0, 0, 0, 0, 0, 0, 0, 0, 2, 0, 'TRUE', 'FALSE'),
(31, 556, 43, 41, 30, 4, 1, 'NO', 0, 4, 0, 24, 3, 3, 0, 0, 0, 0, 'FALSE', 'FALSE'),
(31, 550, 6, 2, 2, 0, 1, 'NO', 0, 2, 0, 16, 0, 0, 0, 0, 0, 0, 'FALSE', 'FALSE'),
(31, 546, 0, 0, 0, 0, 0, '', 0, 2, 0, 7, 0, 1, 0, 0, 0, 0, 'FALSE', 'FALSE'),
(31, 558, 0, 0, 0, 0, 0, '', 0, 0, 0, 0, 0, 0, 0, 0, 0, 0, 'FALSE', 'FALSE'),
(31, 549, 0, 0, 0, 0, 0, '', 0, 3, 0, 16, 0, 1, 0, 0, 0, 0, 'FALSE', 'FALSE'),
(31, 548, 0, 0, 0, 0, 0, '', 0, 4, 2, 8, 6, 0, 0, 0, 0, 0, 'FALSE', 'FALSE'),
(31, 545, 0, 0, 0, 0, 0, '', 0, 2, 0, 20, 1, 0, 0, 0, 0, 0, 'FALSE', 'FALSE'),
(31, 590, 20, 36, 23, 3, 0, 'bowled', 548, 0, 0, 0, 0, 0, 0, 0, 0, 0, 'FALSE', 'FALSE'),
(31, 602, 11, 23, 16, 1, 0, 'bowled', 548, 0, 0, 0, 0, 0, 0, 0, 0, 0, 'FALSE', 'FALSE'),
(31, 593, 0, 3, 1, 0, 0, 'stumped', 548, 0, 0, 0, 0, 0, 0, 1, 0, 2, 'TRUE', 'TRUE'),
(31, 591, 19, 36, 19, 1, 1, 'bowled', 548, 1, 0, 13, 0, 1, 0, 0, 0, 0, 'FALSE', 'FALSE'),
(31, 604, 10, 14, 13, 0, 1, 'stumped', 556, 0, 0, 0, 0, 0, 0, 0, 0, 0, 'FALSE', 'FALSE'),
(31, 605, 0, 1, 2, 0, 0, 'lbw', 572, 0, 0, 0, 0, 0, 0, 0, 0, 2, 'FALSE', 'FALSE'),
(31, 600, 17, 22, 20, 2, 0, 'bowled', 556, 4, 0, 27, 1, 0, 1, 0, 0, 1, 'FALSE', 'FALSE'),
(31, 592, 1, 4, 2, 0, 0, 'caught', 548, 4, 0, 25, 0, 2, 0, 0, 0, 0, 'FALSE', 'FALSE'),
(31, 601, 0, 1, 3, 0, 0, 'lbw', 572, 4, 0, 31, 0, 1, 1, 0, 0, 0, 'FALSE', 'FALSE'),
(31, 619, 7, 9, 4, 0, 0, 'NO', 0, 3, 0, 27, 0, 3, 1, 0, 0, 0, 'FALSE', 'FALSE'),
(31, 597, 0, 5, 2, 0, 0, 'caught', 545, 4, 0, 49, 0, 0, 0, 0, 0, 1, 'FALSE', 'FALSE'),
(32, 315, 24, 43, 34, 3, 0, 'caught', 580, 1, 0, 11, 0, 0, 0, 0, 0, 0, 'FALSE', 'TRUE'),
(32, 339, 6, 8, 6, 1, 0, 'lbw', 315, 0, 0, 0, 0, 0, 0, 0, 0, 0, 'FALSE', 'FALSE'),
(32, 338, 1, 11, 6, 0, 0, 'runout', 0, 0, 0, 0, 0, 0, 0, 0, 0, 0, 'FALSE', 'FALSE'),
(32, 343, 5, 13, 12, 0, 0, 'lbw', 315, 0, 0, 0, 0, 0, 0, 0, 0, 0, 'FALSE', 'FALSE'),
(32, 681, 27, 47, 26, 3, 0, 'caught', 550, 0, 0, 0, 0, 0, 0, 2, 0, 0, 'FALSE', 'FALSE'),
(32, 318, 52, 46, 33, 5, 1, 'NO', 0, 4, 0, 17, 2, 0, 0, 1, 0, 0, 'FALSE', 'FALSE'),
(32, 328, 2, 4, 3, 0, 0, 'caught', 549, 3, 0, 18, 3, 2, 0, 0, 0, 0, 'FALSE', 'FALSE'),
(32, 331, 0, 2, 0, 0, 0, 'NO', 0, 4, 0, 15, 1, 1, 0, 1, 0, 0, 'FALSE', 'FALSE'),
(32, 356, 0, 0, 0, 0, 0, '', 0, 0, 0, 0, 0, 0, 0, 1, 1, 0, 'FALSE', 'FALSE'),
(32, 340, 0, 0, 0, 0, 0, '', 0, 4, 0, 20, 1, 0, 0, 0, 0, 0, 'FALSE', 'FALSE'),
(32, 346, 0, 0, 0, 0, 0, '', 0, 3, 0, 16, 3, 2, 0, 0, 0, 0, 'FALSE', 'FALSE'),
(32, 544, 8, 15, 9, 1, 0, 'caught', 328, 0, 0, 0, 0, 0, 0, 0, 0, 0, 'TRUE', 'FALSE'),
(32, 542, 18, 38, 21, 4, 0, 'bowled', 318, 0, 0, 0, 0, 0, 0, 2, 0, 0, 'FALSE', 'FALSE'),
(32, 549, 0, 2, 4, 0, 0, 'caught', 328, 4, 1, 13, 2, 1, 0, 0, 0, 0, 'FALSE', 'FALSE'),
(32, 551, 19, 34, 23, 2, 1, 'bowled', 318, 0, 0, 0, 0, 0, 0, 0, 0, 0, 'FALSE', 'FALSE'),
(32, 555, 12, 27, 18, 0, 0, 'bowled', 331, 0, 0, 0, 0, 0, 0, 0, 0, 0, 'FALSE', 'FALSE'),
(32, 558, 18, 20, 19, 2, 0, 'caught', 346, 0, 0, 0, 0, 0, 0, 1, 0, 0, 'FALSE', 'FALSE'),
(32, 546, 11, 28, 11, 0, 0, 'caught', 328, 2, 0, 9, 0, 0, 0, 0, 0, 0, 'FALSE', 'TRUE'),
(32, 550, 0, 2, 2, 0, 0, 'bowled', 346, 4, 0, 31, 1, 0, 0, 0, 0, 1, 'FALSE', 'FALSE'),
(32, 580, 0, 4, 3, 0, 0, 'stumped', 340, 4, 0, 31, 2, 1, 0, 0, 0, 0, 'FALSE', 'FALSE'),
(32, 584, 1, 5, 4, 0, 0, 'caught', 346, 2, 0, 17, 0, 0, 0, 0, 0, 0, 'FALSE', 'FALSE'),
(32, 564, 1, 5, 2, 0, 0, 'NO', 0, 4, 1, 18, 0, 0, 0, 0, 0, 0, 'FALSE', 'FALSE'),
(33, 543, 2, 2, 3, 0, 0, 'caught', 331, 0, 0, 0, 0, 0, 0, 0, 0, 0, 'FALSE', 'TRUE'),
(33, 542, 5, 13, 8, 0, 0, 'caught', 331, 0, 0, 0, 0, 0, 0, 2, 0, 1, 'FALSE', 'FALSE'),
(33, 544, 19, 22, 12, 3, 0, 'bowled', 331, 0, 0, 0, 0, 0, 0, 2, 0, 1, 'TRUE', 'FALSE'),
(33, 555, 10, 24, 15, 0, 0, 'bowled', 346, 0, 0, 0, 0, 0, 0, 0, 0, 0, 'FALSE', 'FALSE'),
(33, 546, 9, 31, 25, 0, 0, 'bowled', 340, 4, 1, 8, 2, 0, 0, 0, 0, 0, 'FALSE', 'FALSE'),
(33, 558, 30, 32, 25, 5, 0, 'caught', 340, 0, 0, 0, 0, 0, 0, 1, 0, 0, 'FALSE', 'FALSE'),
(33, 580, 11, 11, 10, 1, 0, 'runout', 0, 2, 0, 17, 0, 2, 0, 1, 0, 0, 'FALSE', 'FALSE'),
(33, 550, 32, 17, 16, 2, 2, 'NO', 0, 2, 0, 23, 1, 1, 0, 1, 0, 0, 'FALSE', 'FALSE'),
(33, 549, 6, 15, 6, 1, 0, 'NO', 0, 3, 0, 13, 2, 1, 0, 1, 0, 0, 'FALSE', 'FALSE'),
(33, 584, 0, 0, 0, 0, 0, '', 0, 3, 0, 20, 2, 1, 0, 0, 0, 0, 'FALSE', 'FALSE'),
(33, 545, 0, 0, 0, 0, 0, '', 0, 3, 0, 12, 2, 0, 0, 0, 0, 0, 'FALSE', 'FALSE'),
(33, 315, 0, 1, 1, 0, 0, 'caught', 549, 4, 0, 22, 0, 0, 0, 0, 0, 0, 'FALSE', 'TRUE'),
(33, 339, 36, 80, 42, 3, 1, 'bowled', 584, 0, 0, 0, 0, 0, 0, 0, 0, 0, 'FALSE', 'FALSE'),
(33, 356, 0, 1, 1, 0, 0, 'caught', 549, 0, 0, 0, 0, 0, 0, 0, 0, 1, 'TRUE', 'FALSE'),
(33, 338, 3, 19, 12, 0, 0, 'caught', 546, 0, 0, 0, 0, 0, 0, 0, 0, 0, 'FALSE', 'FALSE'),
(33, 681, 9, 24, 16, 0, 0, 'caught', 546, 0, 0, 0, 0, 0, 0, 1, 0, 0, 'FALSE', 'FALSE'),
(33, 343, 12, 14, 10, 2, 0, 'caught', 545, 0, 0, 0, 0, 0, 0, 0, 0, 0, 'FALSE', 'FALSE'),
(33, 318, 1, 4, 2, 0, 0, 'caught', 584, 2, 0, 9, 0, 0, 0, 0, 0, 0, 'FALSE', 'FALSE'),
(33, 331, 1, 2, 1, 0, 0, 'runout', 0, 4, 0, 12, 3, 1, 0, 0, 0, 0, 'FALSE', 'FALSE'),
(33, 330, 5, 12, 10, 0, 0, 'caught', 545, 4, 0, 43, 0, 2, 0, 2, 0, 0, 'FALSE', 'FALSE'),
(33, 346, 4, 9, 7, 0, 0, 'NO', 0, 2, 0, 22, 1, 0, 0, 0, 0, 0, 'FALSE', 'FALSE'),
(33, 340, 5, 6, 4, 1, 0, 'caught', 550, 4, 0, 20, 2, 0, 0, 0, 0, 0, 'FALSE', 'FALSE'),
(34, 543, 86, 86, 63, 12, 1, 'caught', 7, 0, 0, 0, 0, 0, 0, 1, 0, 1, 'FALSE', 'FALSE'),
(34, 542, 4, 9, 6, 0, 0, 'lbw', 543, 0, 0, 0, 0, 0, 0, 0, 0, 0, 'FALSE', 'TRUE'),
(34, 555, 13, 24, 11, 2, 0, 'caught', 43, 0, 0, 0, 0, 0, 0, 0, 0, 0, 'FALSE', 'FALSE'),
(34, 550, 9, 4, 6, 1, 0, 'caught', 24, 2, 0, 21, 1, 0, 0, 1, 0, 0, 'FALSE', 'FALSE'),
(34, 544, 24, 20, 16, 1, 1, 'caught', 47, 0, 0, 0, 0, 0, 0, 0, 1, 0, 'TRUE', 'FALSE'),
(34, 556, 1, 3, 4, 0, 0, 'bowled', 47, 4, 0, 23, 0, 0, 0, 0, 0, 0, 'FALSE', 'FALSE'),
(34, 546, 5, 7, 4, 1, 0, 'bowled', 47, 0, 0, 0, 0, 0, 0, 0, 0, 0, 'FALSE', 'FALSE'),
(34, 573, 0, 5, 3, 0, 0, 'caught', 46, 3, 0, 26, 0, 0, 0, 0, 0, 0, 'FALSE', 'FALSE'),
(34, 549, 4, 11, 6, 0, 0, 'bowled', 7, 3, 0, 26, 0, 0, 1, 0, 0, 0, 'FALSE', 'FALSE'),
(34, 562, 1, 4, 1, 0, 0, 'NO', 0, 4, 0, 31, 1, 1, 0, 0, 0, 0, 'FALSE', 'FALSE'),
(34, 548, 0, 1, 1, 0, 0, 'NO', 0, 4, 1, 16, 6, 0, 0, 0, 0, 1, 'FALSE', 'FALSE'),
(34, 19, 57, 22, 24, 6, 5, 'caught', 548, 0, 0, 0, 0, 0, 0, 1, 0, 0, 'FALSE', 'FALSE'),
(34, 32, 16, 29, 18, 2, 0, 'caught', 548, 0, 0, 0, 0, 0, 0, 0, 0, 0, 'FALSE', 'FALSE'),
(34, 29, 2, 13, 3, 0, 0, 'bowled', 562, 1, 0, 7, 0, 1, 0, 1, 0, 0, 'FALSE', 'FALSE'),
(34, 30, 0, 3, 3, 0, 0, 'stumped', 548, 0, 0, 0, 0, 0, 0, 0, 0, 0, 'FALSE', 'FALSE'),
(34, 22, 39, 49, 32, 1, 3, 'bowled', 550, 0, 0, 0, 0, 0, 0, 1, 0, 0, 'FALSE', 'TRUE'),
(34, 43, 12, 21, 19, 1, 0, 'bowled', 548, 3, 0, 27, 1, 0, 0, 2, 0, 0, 'FALSE', 'FALSE'),
(34, 16, 0, 1, 1, 0, 0, 'bowled', 548, 0, 0, 0, 0, 0, 0, 0, 0, 0, 'TRUE', 'FALSE'),
(34, 24, 7, 9, 11, 0, 0, 'bowled', 548, 4, 0, 35, 1, 0, 0, 0, 0, 0, 'FALSE', 'FALSE'),
(34, 46, 1, 2, 1, 0, 0, 'runout', 0, 4, 0, 33, 1, 0, 0, 0, 0, 0, 'FALSE', 'FALSE'),
(34, 47, 3, 14, 6, 0, 0, 'NO', 0, 4, 0, 14, 3, 1, 0, 0, 0, 0, 'FALSE', 'FALSE'),
(34, 7, 4, 4, 3, 0, 0, 'NO', 0, 4, 0, 39, 3, 1, 1, 0, 0, 0, 'FALSE', 'FALSE'),
(35, 543, 11, 8, 11, 2, 0, 'bowled', 7, 0, 0, 0, 0, 0, 0, 0, 0, 0, 'FALSE', 'FALSE'),
(35, 542, 104, 85, 57, 12, 5, 'NO', 0, 3, 0, 26, 0, 0, 0, 1, 0, 0, 'FALSE', 'TRUE'),
(35, 555, 11, 15, 11, 2, 0, '', 0, 0, 0, 0, 0, 0, 0, 0, 0, 0, 'FALSE', 'FALSE'),
(35, 544, 30, 26, 22, 4, 0, 'caught', 19, 0, 0, 0, 0, 0, 0, 0, 1, 1, 'TRUE', 'FALSE'),
(35, 556, 29, 33, 19, 4, 0, 'NO', 0, 0, 0, 0, 0, 0, 0, 0, 0, 0, 'FALSE', 'FALSE'),
(35, 546, 0, 0, 0, 0, 0, '', 0, 0, 0, 0, 0, 0, 0, 0, 0, 1, 'FALSE', 'FALSE'),
(35, 573, 0, 0, 0, 0, 0, '', 0, 4, 0, 26, 3, 1, 0, 0, 0, 0, 'FALSE', 'FALSE'),
(35, 549, 0, 0, 0, 0, 0, '', 0, 4, 0, 39, 2, 3, 0, 0, 0, 0, 'FALSE', 'FALSE'),
(35, 588, 0, 0, 0, 0, 0, '', 0, 3, 0, 37, 0, 0, 0, 0, 0, 0, 'FALSE', 'FALSE'),
(35, 562, 0, 0, 0, 0, 0, '', 0, 3, 0, 11, 1, 0, 0, 0, 0, 0, 'FALSE', 'FALSE'),
(35, 579, 0, 0, 0, 0, 0, '', 0, 3, 0, 23, 1, 1, 0, 0, 0, 0, 'FALSE', 'FALSE'),
(35, 19, 10, 10, 9, 0, 1, 'bowled', 549, 4, 0, 41, 1, 0, 0, 0, 0, 0, 'FALSE', 'FALSE'),
(35, 32, 53, 62, 31, 6, 2, 'caught', 549, 0, 0, 0, 0, 0, 0, 0, 0, 0, 'FALSE', 'FALSE'),
(35, 30, 4, 9, 7, 0, 0, 'lbw', 543, 0, 0, 0, 0, 0, 0, 0, 0, 0, 'FALSE', 'FALSE'),
(35, 29, 6, 8, 8, 1, 0, 'bowled', 573, 0, 0, 0, 0, 0, 0, 0, 0, 0, 'FALSE', 'FALSE'),
(35, 22, 7, 8, 7, 1, 0, 'bowled', 573, 0, 0, 0, 0, 0, 0, 1, 0, 0, 'FALSE', 'TRUE'),
(35, 43, 12, 11, 17, 0, 0, 'stumped', 562, 2, 0, 13, 0, 0, 0, 0, 0, 0, 'FALSE', 'FALSE'),
(35, 16, 7, 7, 9, 0, 0, 'runout', 0, 0, 0, 0, 0, 0, 0, 0, 0, 0, 'TRUE', 'FALSE'),
(35, 24, 22, 23, 16, 1, 1, 'NO', 0, 4, 0, 47, 1, 1, 0, 0, 0, 0, 'FALSE', 'FALSE'),
(35, 46, 22, 14, 12, 3, 1, 'bowled', 579, 3, 0, 18, 0, 1, 0, 0, 0, 0, 'FALSE', 'FALSE'),
(35, 47, 14, 5, 4, 0, 1, 'NO', 0, 3, 0, 34, 0, 2, 0, 0, 0, 0, 'FALSE', 'FALSE'),
(35, 7, 0, 0, 0, 0, 0, '', 0, 4, 0, 38, 1, 2, 0, 0, 0, 0, 'FALSE', 'FALSE'),
(36, 510, 2, 5, 6, 0, 0, 'caught', 579, 0, 0, 0, 0, 0, 0, 0, 0, 0, 'FALSE', 'FALSE'),
(36, 499, 4, 10, 7, 0, 0, 'caught', 549, 0, 0, 0, 0, 0, 0, 0, 0, 0, 'TRUE', 'FALSE'),
(36, 495, 41, 49, 27, 3, 2, 'bowled', 547, 0, 0, 0, 0, 0, 0, 1, 0, 0, 'FALSE', 'FALSE'),
(36, 497, 47, 38, 32, 4, 3, 'caught', 545, 0, 0, 0, 0, 0, 0, 0, 0, 0, 'FALSE', 'FALSE'),
(36, 500, 19, 21, 22, 1, 0, 'bowled', 547, 2, 0, 12, 0, 1, 0, 0, 0, 0, 'FALSE', 'FALSE'),
(36, 505, 0, 2, 3, 0, 0, 'runout', 0, 2, 0, 18, 0, 0, 0, 0, 0, 0, 'FALSE', 'FALSE'),
(36, 493, 9, 18, 12, 0, 0, 'caught', 579, 0, 0, 0, 0, 0, 0, 0, 0, 0, 'FALSE', 'FALSE'),
(36, 532, 7, 9, 9, 0, 0, 'caught', 545, 3, 0, 31, 0, 2, 0, 0, 0, 0, 'FALSE', 'FALSE'),
(36, 492, 0, 3, 3, 0, 0, 'runout', 0, 3, 0, 29, 0, 0, 0, 0, 0, 0, 'FALSE', 'TRUE'),
(36, 494, 0, 1, 0, 0, 0, 'NO', 0, 4, 0, 26, 0, 3, 0, 0, 0, 0, 'FALSE', 'FALSE'),
(36, 502, 0, 0, 0, 0, 0, '', 0, 3, 0, 18, 1, 4, 0, 0, 0, 0, 'FALSE', 'FALSE'),
(36, 543, 72, 74, 57, 8, 1, 'NO', 0, 0, 0, 0, 0, 0, 0, 1, 0, 1, 'FALSE', 'FALSE'),
(36, 547, 8, 19, 8, 1, 0, 'caught', 502, 3, 0, 18, 2, 1, 0, 0, 0, 0, 'FALSE', 'FALSE'),
(36, 544, 43, 52, 39, 5, 0, 'NO', 0, 0, 0, 0, 0, 0, 0, 0, 0, 1, 'TRUE', 'FALSE'),
(36, 546, 0, 0, 0, 0, 0, '', 0, 0, 0, 0, 0, 0, 0, 1, 0, 0, 'FALSE', 'FALSE'),
(36, 568, 0, 0, 0, 0, 0, '', 0, 0, 0, 0, 0, 0, 0, 1, 0, 0, 'FALSE', 'FALSE'),
(36, 556, 0, 0, 0, 0, 0, '', 0, 0, 0, 0, 0, 0, 0, 0, 0, 0, 'FALSE', 'FALSE'),
(36, 549, 0, 0, 0, 0, 0, '', 0, 3, 0, 15, 1, 0, 0, 0, 0, 0, 'FALSE', 'FALSE'),
(36, 550, 0, 0, 0, 0, 0, '', 0, 2, 0, 35, 0, 0, 1, 1, 0, 0, 'FALSE', 'FALSE'),
(36, 545, 0, 0, 0, 0, 0, '', 0, 4, 0, 15, 2, 0, 0, 1, 0, 1, 'FALSE', 'FALSE'),
(36, 560, 0, 0, 0, 0, 0, '', 0, 4, 0, 24, 0, 1, 0, 0, 0, 0, 'FALSE', 'FALSE'),
(36, 579, 0, 0, 0, 0, 0, '', 0, 4, 0, 26, 2, 0, 0, 0, 0, 0, 'FALSE', 'FALSE'),
(37, 543, 10, 20, 9, 1, 0, 'caught', 492, 0, 0, 0, 0, 0, 0, 0, 0, 0, 'FALSE', 'FALSE'),
(37, 547, 1, 5, 4, 0, 0, 'caught', 506, 1, 0, 15, 0, 0, 0, 0, 0, 0, 'FALSE', 'FALSE'),
(37, 542, 9, 7, 8, 2, 0, 'caught', 498, 1, 0, 5, 0, 0, 0, 0, 0, 0, 'FALSE', 'FALSE'),
(37, 544, 16, 24, 19, 2, 0, 'caught', 494, 0, 0, 0, 0, 0, 0, 1, 0, 0, 'TRUE', 'TRUE'),
(37, 546, 58, 68, 45, 3, 1, 'runout', 0, 1, 0, 10, 0, 0, 0, 0, 0, 0, 'FALSE', 'FALSE'),
(37, 551, 16, 30, 27, 2, 0, 'caught', 492, 0, 0, 0, 0, 0, 0, 0, 0, 0, 'FALSE', 'FALSE'),
(37, 550, 7, 19, 8, 0, 0, 'NO', 0, 2, 0, 19, 2, 0, 0, 0, 0, 0, 'FALSE', 'FALSE'),
(37, 567, 2, 1, 1, 0, 0, 'NO', 0, 0, 0, 0, 0, 0, 0, 0, 0, 0, 'FALSE', 'FALSE'),
(37, 560, 0, 0, 0, 0, 0, '', 0, 3, 0, 27, 0, 0, 0, 0, 0, 0, 'FALSE', 'FALSE'),
(37, 545, 0, 0, 0, 0, 0, '', 0, 4, 0, 33, 1, 2, 0, 0, 0, 0, 'FALSE', 'FALSE'),
(37, 548, 0, 0, 0, 0, 0, '', 0, 4, 0, 19, 0, 0, 0, 0, 0, 0, 'FALSE', 'FALSE'),
(37, 499, 39, 36, 29, 5, 2, 'bowled', 545, 0, 0, 0, 0, 0, 0, 1, 0, 1, 'TRUE', 'FALSE'),
(37, 510, 33, 44, 26, 4, 1, 'bowled', 550, 0, 0, 0, 0, 0, 0, 0, 0, 0, 'FALSE', 'FALSE'),
(37, 495, 42, 33, 26, 3, 2, 'NO', 0, 0, 0, 0, 0, 0, 0, 1, 0, 0, 'FALSE', 'FALSE'),
(37, 496, 10, 14, 13, 0, 0, 'caught', 550, 0, 0, 0, 0, 0, 0, 1, 0, 1, 'FALSE', 'TRUE'),
(37, 497, 2, 6, 2, 0, 0, 'NO', 0, 0, 0, 0, 0, 0, 0, 0, 0, 0, 'FALSE', 'FALSE'),
(37, 493, 0, 0, 0, 0, 0, '', 0, 0, 0, 0, 0, 0, 0, 1, 0, 0, 'FALSE', 'FALSE'),
(37, 498, 0, 0, 0, 0, 0, '', 0, 4, 0, 41, 1, 4, 0, 1, 0, 0, 'FALSE', 'FALSE'),
(37, 512, 0, 0, 0, 0, 0, '', 0, 4, 0, 21, 0, 0, 0, 0, 0, 0, 'FALSE', 'FALSE'),
(37, 494, 0, 0, 0, 0, 0, '', 0, 4, 0, 20, 1, 0, 0, 0, 0, 0, 'FALSE', 'FALSE'),
(37, 492, 0, 0, 0, 0, 0, '', 0, 4, 0, 21, 2, 2, 1, 0, 0, 0, 'FALSE', 'FALSE'),
(37, 506, 0, 0, 0, 0, 0, '', 0, 4, 0, 24, 1, 1, 0, 0, 0, 0, 'FALSE', 'FALSE'),
(38, 19, 1, 3, 4, 0, 0, 'bowled', 546, 3, 0, 27, 0, 0, 0, 0, 0, 0, 'FALSE', 'FALSE'),
(38, 32, 9, 24, 12, 1, 0, 'caught', 560, 0, 0, 0, 0, 0, 0, 0, 0, 0, 'FALSE', 'FALSE'),
(38, 16, 15, 7, 10, 3, 0, 'caught', 546, 0, 0, 0, 0, 0, 0, 1, 1, 0, 'TRUE', 'FALSE'),
(38, 1, 14, 31, 20, 0, 0, 'bowled', 560, 1, 0, 2, 1, 0, 0, 0, 0, 0, 'FALSE', 'TRUE'),
(38, 29, 0, 1, 1, 0, 0, 'stumped', 560, 0, 0, 0, 0, 0, 0, 0, 0, 0, 'FALSE', 'FALSE'),
(38, 22, 85, 67, 49, 6, 6, 'NO', 0, 0, 0, 0, 0, 0, 0, 1, 0, 0, 'FALSE', 'FALSE'),
(38, 4, 39, 41, 26, 4, 1, 'NO', 0, 0, 0, 0, 0, 0, 0, 1, 0, 0, 'FALSE', 'FALSE'),
(38, 43, 0, 0, 0, 0, 0, '', 0, 4, 1, 12, 2, 1, 0, 2, 0, 0, 'FALSE', 'FALSE'),
(38, 24, 0, 0, 0, 0, 0, '', 0, 3, 0, 15, 3, 1, 0, 0, 0, 0, 'FALSE', 'FALSE'),
(38, 27, 0, 0, 0, 0, 0, '', 0, 2, 0, 10, 1, 2, 0, 0, 0, 0, 'FALSE', 'FALSE'),
(38, 40, 0, 0, 0, 0, 0, '', 0, 3, 0, 19, 2, 0, 0, 0, 0, 1, 'FALSE', 'FALSE'),
(38, 543, 9, 13, 6, 0, 1, 'caught', 40, 0, 0, 0, 0, 0, 0, 1, 0, 0, 'FALSE', 'FALSE'),
(38, 547, 5, 23, 14, 0, 0, 'lbw', 19, 0, 0, 0, 0, 0, 0, 1, 0, 0, 'FALSE', 'FALSE'),
(38, 544, 2, 1, 3, 0, 0, 'caught', 27, 0, 0, 0, 0, 0, 0, 0, 1, 0, 'TRUE', 'TRUE'),
(38, 542, 20, 13, 12, 2, 1, 'caught', 24, 0, 0, 0, 0, 0, 0, 0, 0, 0, 'FALSE', 'FALSE'),
(38, 546, 8, 10, 4, 2, 0, 'caught', 24, 4, 0, 24, 2, 0, 0, 0, 0, 0, 'FALSE', 'FALSE'),
(38, 555, 19, 21, 24, 1, 0, 'stumped', 43, 0, 0, 0, 0, 0, 0, 0, 0, 0, 'FALSE', 'FALSE'),
(38, 551, 12, 13, 15, 1, 0, 'bowled', 43, 0, 0, 0, 0, 0, 0, 0, 0, 0, 'FALSE', 'FALSE'),
(38, 560, 2, 5, 2, 0, 0, 'runout', 0, 4, 0, 20, 3, 0, 0, 0, 0, 0, 'FALSE', 'FALSE'),
(38, 545, 1, 5, 8, 0, 0, 'caught', 1, 4, 0, 40, 0, 0, 0, 0, 0, 0, 'FALSE', 'FALSE'),
(38, 548, 1, 5, 7, 0, 0, 'bowled', 24, 4, 0, 42, 0, 0, 1, 0, 0, 0, 'FALSE', 'FALSE'),
(38, 585, 2, 2, 3, 0, 0, 'NO', 0, 4, 0, 40, 0, 1, 1, 0, 0, 0, 'FALSE', 'FALSE'),
(39, 83, 16, 26, 17, 2, 0, 'caught', 257, 0, 0, 0, 0, 0, 0, 0, 0, 0, 'FALSE', 'FALSE'),
(39, 88, 0, 2, 1, 0, 0, 'caught', 287, 0, 0, 0, 0, 0, 0, 0, 0, 0, 'FALSE', 'FALSE'),
(39, 66, 101, 85, 60, 9, 5, 'caught', 260, 0, 0, 0, 0, 0, 0, 0, 0, 0, 'FALSE', 'FALSE'),
(39, 68, 37, 43, 30, 3, 2, 'caught', 287, 0, 0, 0, 0, 0, 0, 0, 0, 0, 'FALSE', 'FALSE'),
(39, 71, 11, 11, 7, 0, 1, 'caught', 284, 4, 0, 42, 2, 0, 0, 0, 0, 0, 'FALSE', 'FALSE'),
(39, 64, 16, 6, 6, 1, 1, 'NO', 0, 0, 0, 0, 0, 0, 0, 0, 0, 1, 'TRUE', 'TRUE'),
(39, 69, 0, 1, 0, 0, 0, 'NO', 0, 4, 0, 33, 0, 0, 0, 1, 0, 0, 'FALSE', 'FALSE'),
(39, 76, 0, 0, 0, 0, 0, '', 0, 4, 0, 37, 0, 0, 0, 1, 0, 0, 'FALSE', 'FALSE'),
(39, 86, 0, 0, 0, 0, 0, '', 0, 3, 0, 27, 1, 0, 0, 2, 0, 0, 'FALSE', 'FALSE'),
(39, 79, 0, 0, 0, 0, 0, '', 0, 1, 0, 3, 0, 0, 0, 0, 0, 1, 'FALSE', 'FALSE'),
(39, 84, 0, 0, 0, 0, 0, '', 0, 4, 0, 27, 1, 0, 1, 0, 0, 0, 'FALSE', 'FALSE'),
(39, 257, 73, 60, 54, 3, 3, 'caught', 86, 4, 0, 30, 1, 1, 0, 0, 0, 0, 'FALSE', 'FALSE'),
(39, 272, 8, 17, 14, 0, 0, 'caught', 71, 0, 0, 0, 0, 0, 0, 0, 0, 0, 'FALSE', 'FALSE'),
(39, 265, 36, 35, 28, 1, 2, 'runout', 0, 0, 0, 0, 0, 0, 0, 2, 0, 0, 'FALSE', 'TRUE'),
(39, 273, 31, 22, 15, 1, 3, 'caught', 84, 0, 0, 0, 0, 0, 0, 1, 0, 0, 'FALSE', 'FALSE'),
(39, 260, 12, 7, 7, 0, 1, 'caught', 71, 3, 0, 39, 1, 0, 0, 0, 0, 0, 'FALSE', 'FALSE'),
(39, 255, 4, 7, 2, 0, 0, 'NO', 0, 0, 0, 0, 0, 0, 0, 1, 0, 0, 'TRUE', 'FALSE'),
(39, 283, 4, 1, 1, 1, 0, 'NO', 0, 0, 0, 0, 0, 0, 0, 0, 0, 0, 'FALSE', 'FALSE'),
(39, 294, 0, 0, 0, 0, 0, '', 0, 1, 0, 13, 0, 0, 0, 1, 0, 0, 'FALSE', 'FALSE'),
(39, 287, 0, 0, 0, 0, 0, '', 0, 4, 0, 48, 2, 1, 0, 0, 0, 0, 'FALSE', 'FALSE'),
(39, 284, 0, 0, 0, 0, 0, '', 0, 4, 0, 24, 1, 0, 0, 0, 0, 0, 'FALSE', 'FALSE'),
(39, 281, 0, 0, 0, 0, 0, '', 0, 4, 0, 32, 0, 2, 1, 0, 0, 0, 'FALSE', 'FALSE'),
(40, 543, 98, 85, 56, 9, 4, 'NO', 0, 0, 0, 0, 0, 0, 0, 0, 0, 0, 'FALSE', 'FALSE'),
(40, 547, 6, 12, 10, 1, 0, 'caught', 127, 0, 0, 0, 0, 0, 0, 0, 0, 0, 'FALSE', 'FALSE'),
(40, 544, 68, 67, 49, 5, 3, 'caught', 110, 0, 0, 0, 0, 0, 0, 0, 0, 0, 'TRUE', 'TRUE'),
(40, 551, 6, 4, 4, 1, 0, 'bowled', 127, 0, 0, 0, 0, 0, 0, 2, 0, 0, 'FALSE', 'FALSE'),
(40, 542, 4, 1, 1, 1, 0, 'NO', 0, 0, 0, 0, 0, 0, 0, 0, 0, 0, 'FALSE', 'FALSE'),
(40, 546, 0, 0, 0, 0, 0, '', 0, 2, 0, 13, 1, 0, 0, 2, 0, 0, 'FALSE', 'FALSE'),
(40, 550, 0, 0, 0, 0, 0, '', 0, 2, 0, 13, 0, 0, 0, 0, 0, 0, 'FALSE', 'FALSE'),
(40, 557, 0, 0, 0, 0, 0, '', 0, 4, 0, 26, 0, 3, 0, 0, 0, 0, 'FALSE', 'FALSE'),
(40, 545, 0, 0, 0, 0, 0, '', 0, 4, 0, 28, 3, 3, 0, 0, 0, 0, 'FALSE', 'FALSE'),
(40, 548, 0, 0, 0, 0, 0, '', 0, 4, 0, 24, 3, 1, 0, 1, 0, 0, 'FALSE', 'FALSE'),
(40, 549, 0, 0, 0, 0, 0, '', 0, 4, 0, 27, 1, 3, 0, 0, 0, 0, 'FALSE', 'FALSE'),
(40, 113, 5, 13, 4, 1, 0, 'caught', 549, 0, 0, 0, 0, 0, 0, 0, 0, 0, 'FALSE', 'TRUE'),
(40, 115, 11, 9, 9, 1, 1, 'caught', 546, 0, 0, 0, 0, 0, 0, 0, 0, 0, 'FALSE', 'FALSE'),
(40, 118, 28, 46, 33, 2, 0, 'caught', 548, 0, 0, 0, 0, 0, 0, 0, 0, 0, 'FALSE', 'FALSE'),
(40, 110, 23, 34, 23, 3, 0, 'caught', 545, 3, 0, 36, 1, 0, 0, 0, 0, 0, 'FALSE', 'FALSE'),
(40, 123, 16, 22, 18, 2, 0, 'bowled', 545, 0, 0, 0, 0, 0, 0, 0, 0, 0, 'TRUE', 'FALSE'),
(40, 111, 9, 12, 10, 1, 0, 'caught', 548, 4, 0, 38, 0, 1, 0, 1, 0, 0, 'FALSE', 'FALSE'),
(40, 109, 2, 9, 3, 0, 0, 'lbw', 543, 2, 0, 23, 0, 0, 0, 0, 0, 0, 'FALSE', 'FALSE'),
(40, 136, 5, 3, 7, 1, 0, 'lbw', 543, 0, 0, 0, 0, 0, 0, 0, 0, 0, 'FALSE', 'FALSE'),
(40, 121, 16, 9, 9, 2, 0, 'NO', 0, 3, 0, 28, 0, 1, 0, 1, 0, 0, 'FALSE', 'FALSE'),
(40, 119, 6, 6, 4, 1, 0, 'NO', 0, 4, 0, 41, 0, 2, 0, 0, 0, 0, 'FALSE', 'FALSE'),
(40, 127, 0, 0, 0, 0, 0, '', 0, 4, 0, 27, 2, 2, 0, 0, 0, 0, 'FALSE', 'FALSE'),
(41, 19, 54, 40, 32, 1, 6, 'bowled', 71, 3, 0, 31, 1, 1, 0, 0, 0, 0, 'FALSE', 'FALSE'),
(41, 32, 72, 54, 42, 2, 7, 'caught', 68, 0, 0, 0, 0, 0, 0, 1, 0, 0, 'FALSE', 'FALSE'),
(41, 29, 35, 27, 22, 3, 2, 'caught', 84, 0, 0, 0, 0, 0, 0, 2, 0, 1, 'FALSE', 'FALSE'),
(41, 16, 8, 9, 7, 0, 1, 'stumped', 68, 0, 0, 0, 0, 0, 0, 0, 0, 0, 'TRUE', 'FALSE'),
(41, 22, 5, 16, 6, 0, 0, 'NO', 0, 0, 0, 0, 0, 0, 0, 1, 0, 0, 'FALSE', 'FALSE'),
(41, 4, 8, 9, 10, 0, 0, 'bowled', 84, 0, 0, 0, 0, 0, 0, 1, 0, 0, 'FALSE', 'FALSE'),
(41, 43, 1, 1, 1, 0, 0, 'NO', 0, 4, 0, 34, 1, 1, 0, 0, 0, 0, 'FALSE', 'FALSE'),
(41, 1, 0, 0, 0, 0, 0, '', 0, 0, 0, 0, 0, 0, 0, 2, 0, 0, 'FALSE', 'FALSE'),
(41, 24, 0, 0, 0, 0, 0, '', 0, 3, 0, 23, 1, 3, 0, 0, 0, 0, 'FALSE', 'FALSE'),
(41, 27, 0, 0, 0, 0, 0, '', 0, 3, 0, 21, 3, 3, 0, 0, 0, 0, 'FALSE', 'FALSE'),
(41, 40, 0, 0, 0, 0, 0, '', 0, 4, 0, 25, 3, 0, 0, 0, 0, 0, 'FALSE', 'FALSE'),
(41, 88, 2, 8, 7, 0, 0, 'caught', 40, 0, 0, 0, 0, 0, 0, 1, 0, 0, 'FALSE', 'FALSE'),
(41, 65, 9, 14, 10, 2, 0, 'caught', 40, 0, 0, 0, 0, 0, 0, 0, 0, 0, 'FALSE', 'FALSE'),
(41, 66, 5, 7, 5, 1, 0, 'caught', 27, 0, 0, 0, 0, 0, 0, 0, 0, 0, 'FALSE', 'FALSE'),
(41, 67, 79, 65, 46, 4, 6, 'NO', 0, 0, 0, 0, 0, 0, 0, 0, 0, 0, 'FALSE', 'FALSE'),
(41, 68, 1, 5, 2, 0, 0, 'bowled', 40, 2, 0, 20, 2, 0, 0, 0, 0, 0, 'FALSE', 'FALSE'),
(41, 64, 2, 10, 8, 0, 0, 'caught', 43, 0, 0, 0, 0, 0, 0, 1, 1, 0, 'TRUE', 'TRUE'),
(41, 71, 1, 6, 5, 0, 0, 'caught', 24, 4, 0, 35, 1, 0, 0, 0, 0, 0, 'FALSE', 'FALSE'),
(41, 76, 4, 6, 5, 0, 0, 'runout', 0, 2, 0, 38, 0, 0, 0, 0, 0, 0, 'FALSE', 'FALSE'),
(41, 69, 13, 15, 11, 1, 1, 'caught', 19, 4, 1, 15, 0, 0, 0, 0, 0, 0, 'FALSE', 'FALSE'),
(41, 75, 9, 6, 6, 0, 1, 'caught', 27, 4, 0, 45, 0, 1, 0, 0, 0, 0, 'FALSE', 'FALSE'),
(41, 84, 0, 1, 1, 0, 0, 'bowled', 27, 4, 0, 31, 2, 0, 0, 0, 0, 0, 'FALSE', 'FALSE'),
(42, 543, 100, 80, 64, 10, 4, 'caught', 596, 0, 0, 0, 0, 0, 0, 0, 0, 1, 'FALSE', 'FALSE'),
(42, 542, 2, 8, 4, 0, 0, 'caught', 591, 0, 0, 0, 0, 0, 0, 0, 0, 0, 'FALSE', 'FALSE'),
(42, 550, 23, 24, 19, 1, 2, 'caught', 606, 0, 0, 0, 0, 0, 0, 0, 0, 0, 'FALSE', 'FALSE'),
(42, 544, 3, 9, 7, 0, 0, 'caught', 600, 0, 0, 0, 0, 0, 0, 0, 0, 1, 'TRUE', 'TRUE'),
(42, 555, 9, 6, 8, 0, 1, 'caught', 592, 0, 0, 0, 0, 0, 0, 0, 0, 0, 'FALSE', 'FALSE'),
(42, 546, 4, 12, 6, 0, 0, 'caught', 606, 0, 0, 0, 0, 0, 0, 0, 0, 0, 'FALSE', 'FALSE'),
(42, 551, 13, 12, 6, 0, 2, 'caught', 596, 0, 0, 0, 0, 0, 0, 0, 0, 0, 'FALSE', 'FALSE'),
(42, 547, 3, 5, 3, 0, 0, 'NO', 0, 1, 0, 8, 0, 0, 0, 0, 0, 0, 'FALSE', 'FALSE'),
(42, 545, 2, 4, 3, 0, 0, 'NO', 0, 1, 0, 6, 0, 1, 0, 0, 0, 1, 'FALSE', 'FALSE'),
(42, 560, 0, 0, 0, 0, 0, '', 0, 1, 0, 6, 0, 0, 0, 0, 0, 0, 'FALSE', 'FALSE'),
(42, 548, 0, 0, 0, 0, 0, '', 0, 2, 0, 9, 0, 0, 0, 0, 0, 0, 'FALSE', 'FALSE'),
(42, 590, 4, 4, 6, 0, 0, 'runout', 0, 0, 0, 0, 0, 0, 0, 1, 0, 0, 'FALSE', 'FALSE'),
(42, 595, 12, 13, 13, 0, 0, 'NO', 0, 0, 0, 0, 0, 0, 0, 0, 0, 0, 'TRUE', 'FALSE'),
(42, 593, 11, 7, 11, 0, 0, 'NO', 0, 0, 0, 0, 0, 0, 0, 0, 0, 0, 'FALSE', 'FALSE'),
(42, 604, 0, 0, 0, 0, 0, '', 0, 0, 0, 0, 0, 0, 0, 1, 0, 0, 'FALSE', 'FALSE'),
(42, 591, 0, 0, 0, 0, 0, '', 0, 2, 0, 21, 1, 0, 0, 1, 0, 0, 'FALSE', 'FALSE'),
(42, 599, 0, 0, 0, 0, 0, '', 0, 0, 0, 0, 0, 0, 0, 0, 0, 0, 'FALSE', 'FALSE'),
(42, 606, 0, 0, 0, 0, 0, '', 0, 4, 0, 34, 2, 0, 0, 0, 0, 0, 'FALSE', 'FALSE'),
(42, 600, 0, 0, 0, 0, 0, '', 0, 3, 0, 23, 1, 3, 0, 1, 0, 0, 'FALSE', 'FALSE'),
(42, 592, 0, 0, 0, 0, 0, '', 0, 4, 0, 32, 1, 2, 0, 0, 0, 0, 'FALSE', 'FALSE'),
(42, 596, 0, 0, 0, 0, 0, '', 0, 4, 0, 31, 2, 2, 0, 1, 0, 0, 'FALSE', 'FALSE'),
(42, 597, 0, 0, 0, 0, 0, '', 0, 3, 0, 27, 0, 0, 0, 2, 0, 0, 'FALSE', 'FALSE'),
(43, 0, 0, 0, 0, 0, 0, '', 0, 0, 0, 0, 0, 0, 0, 0, 0, 0, '', ''),
(43, 0, 0, 0, 0, 0, 0, '', 0, 0, 0, 0, 0, 0, 0, 0, 0, 0, '', ''),
(43, 0, 0, 0, 0, 0, 0, '', 0, 0, 0, 0, 0, 0, 0, 0, 0, 0, '', ''),
(43, 0, 0, 0, 0, 0, 0, '', 0, 0, 0, 0, 0, 0, 0, 0, 0, 0, '', ''),
(43, 0, 0, 0, 0, 0, 0, '', 0, 0, 0, 0, 0, 0, 0, 0, 0, 0, '', ''),
(43, 0, 0, 0, 0, 0, 0, '', 0, 0, 0, 0, 0, 0, 0, 0, 0, 0, '', ''),
(43, 0, 0, 0, 0, 0, 0, '', 0, 0, 0, 0, 0, 0, 0, 0, 0, 0, '', ''),
(43, 0, 0, 0, 0, 0, 0, '', 0, 0, 0, 0, 0, 0, 0, 0, 0, 0, '', ''),
(43, 0, 0, 0, 0, 0, 0, '', 0, 0, 0, 0, 0, 0, 0, 0, 0, 0, '', ''),
(43, 0, 0, 0, 0, 0, 0, '', 0, 0, 0, 0, 0, 0, 0, 0, 0, 0, '', ''),
(43, 0, 0, 0, 0, 0, 0, '', 0, 0, 0, 0, 0, 0, 0, 0, 0, 0, '', ''),
(43, 0, 0, 0, 0, 0, 0, '', 0, 0, 0, 0, 0, 0, 0, 0, 0, 0, '', ''),
(43, 0, 0, 0, 0, 0, 0, '', 0, 0, 0, 0, 0, 0, 0, 0, 0, 0, '', ''),
(43, 0, 0, 0, 0, 0, 0, '', 0, 0, 0, 0, 0, 0, 0, 0, 0, 0, '', ''),
(43, 0, 0, 0, 0, 0, 0, '', 0, 0, 0, 0, 0, 0, 0, 0, 0, 0, '', ''),
(43, 0, 0, 0, 0, 0, 0, '', 0, 0, 0, 0, 0, 0, 0, 0, 0, 0, '', ''),
(43, 0, 0, 0, 0, 0, 0, '', 0, 0, 0, 0, 0, 0, 0, 0, 0, 0, '', ''),
(43, 0, 0, 0, 0, 0, 0, '', 0, 0, 0, 0, 0, 0, 0, 0, 0, 0, '', ''),
(43, 0, 0, 0, 0, 0, 0, '', 0, 0, 0, 0, 0, 0, 0, 0, 0, 0, '', ''),
(43, 0, 0, 0, 0, 0, 0, '', 0, 0, 0, 0, 0, 0, 0, 0, 0, 0, '', ''),
(43, 0, 0, 0, 0, 0, 0, '', 0, 0, 0, 0, 0, 0, 0, 0, 0, 0, '', ''),
(43, 0, 0, 0, 0, 0, 0, '', 0, 0, 0, 0, 0, 0, 0, 0, 0, 0, '', ''),
(44, 590, 1, 2, 3, 0, 0, 'caught', 85, 0, 0, 0, 0, 0, 0, 0, 0, 0, 'FALSE', 'FALSE'),
(44, 593, 15, 14, 9, 2, 1, 'lbw', 590, 0, 0, 0, 0, 0, 0, 0, 0, 0, 'FALSE', 'FALSE'),
(44, 594, 40, 40, 30, 5, 1, 'lbw', 590, 0, 0, 0, 0, 0, 0, 0, 0, 0, 'FALSE', 'FALSE'),
(44, 595, 4, 11, 6, 0, 0, 'caught', 74, 0, 0, 0, 0, 0, 0, 1, 1, 0, 'TRUE', 'FALSE'),
(44, 604, 30, 44, 42, 2, 0, 'bowled', 82, 0, 0, 0, 0, 0, 0, 0, 0, 0, 'FALSE', 'FALSE'),
(44, 591, 3, 8, 9, 0, 0, 'caught', 89, 1, 0, 10, 0, 0, 0, 1, 0, 0, 'FALSE', 'TRUE'),
(44, 606, 0, 1, 1, 0, 0, 'lbw', 590, 1, 0, 10, 0, 0, 0, 0, 0, 0, 'FALSE', 'FALSE'),
(44, 592, 6, 23, 15, 0, 0, 'bowled', 85, 2, 0, 12, 0, 0, 0, 1, 0, 0, 'FALSE', 'FALSE'),
(44, 596, 2, 1, 3, 0, 0, 'bowled', 82, 4, 0, 24, 2, 0, 0, 0, 0, 0, 'FALSE', 'FALSE'),
(44, 618, 1, 5, 2, 0, 0, 'NO', 0, 3, 0, 25, 0, 0, 1, 0, 0, 0, 'FALSE', 'FALSE'),
(44, 597, 3, 2, 2, 0, 0, 'NO', 0, 4, 0, 31, 2, 3, 0, 0, 0, 0, 'FALSE', 'FALSE'),
(44, 88, 5, 3, 5, 1, 0, 'caught', 597, 0, 0, 0, 0, 0, 0, 1, 0, 0, 'FALSE', 'FALSE'),
(44, 97, 2, 12, 9, 0, 0, 'caught', 597, 0, 0, 0, 0, 0, 0, 0, 0, 0, 'TRUE', 'FALSE'),
(44, 66, 28, 28, 17, 3, 1, 'caught', 596, 0, 0, 0, 0, 0, 0, 1, 0, 0, 'FALSE', 'TRUE'),
(44, 67, 10, 22, 15, 1, 0, 'stumped', 596, 0, 0, 0, 0, 0, 0, 1, 0, 0, 'FALSE', 'FALSE'),
(44, 72, 26, 30, 21, 3, 1, 'NO', 0, 0, 0, 0, 0, 0, 0, 0, 0, 0, 'FALSE', 'FALSE'),
(44, 71, 37, 27, 24, 2, 3, 'NO', 0, 2, 0, 10, 0, 0, 0, 0, 0, 0, 'FALSE', 'FALSE'),
(44, 74, 0, 0, 0, 0, 0, '', 0, 4, 0, 22, 1, 0, 0, 0, 0, 0, 'FALSE', 'FALSE'),
(44, 82, 0, 0, 0, 0, 0, '', 0, 3, 0, 27, 2, 0, 2, 0, 0, 0, 'FALSE', 'FALSE'),
(44, 86, 0, 0, 0, 0, 0, '', 0, 4, 0, 14, 1, 0, 0, 0, 0, 0, 'FALSE', 'FALSE'),
(44, 89, 0, 0, 0, 0, 0, '', 0, 4, 0, 11, 2, 1, 0, 0, 0, 0, 'FALSE', 'FALSE'),
(44, 85, 0, 0, 0, 0, 0, '', 0, 3, 0, 24, 3, 0, 0, 0, 0, 0, 'FALSE', 'FALSE'),
(45, 363, 49, 44, 34, 4, 2, 'caught', 547, 0, 0, 0, 0, 0, 0, 0, 0, 0, 'TRUE', 'FALSE'),
(45, 388, 52, 54, 37, 3, 3, 'caught', 548, 0, 0, 0, 0, 0, 0, 1, 0, 0, 'FALSE', 'FALSE'),
(45, 381, 16, 19, 18, 1, 0, 'lbw', 363, 0, 0, 0, 0, 0, 0, 3, 0, 0, 'FALSE', 'FALSE'),
(45, 396, 32, 29, 20, 2, 1, 'bowled', 545, 0, 0, 0, 0, 0, 0, 1, 0, 0, 'FALSE', 'FALSE'),
(45, 374, 17, 19, 12, 1, 0, 'NO', 0, 3, 0, 27, 1, 0, 0, 1, 0, 0, 'FALSE', 'FALSE'),
(45, 392, 0, 0, 0, 0, 0, '', 0, 0, 0, 0, 0, 0, 0, 1, 0, 0, 'FALSE', 'FALSE'),
(45, 385, 0, 0, 0, 0, 0, '', 0, 3, 0, 18, 2, 0, 0, 0, 0, 0, 'FALSE', 'FALSE'),
(45, 384, 0, 0, 0, 0, 0, '', 0, 3, 0, 27, 0, 1, 0, 1, 0, 0, 'FALSE', 'FALSE'),
(45, 366, 0, 0, 0, 0, 0, '', 0, 3, 0, 22, 2, 1, 0, 0, 0, 0, 'FALSE', 'FALSE'),
(45, 394, 0, 0, 0, 0, 0, '', 0, 4, 0, 34, 0, 1, 0, 0, 0, 0, 'FALSE', 'FALSE'),
(45, 372, 0, 0, 0, 0, 0, '', 0, 4, 0, 18, 3, 0, 0, 0, 0, 0, 'FALSE', 'FALSE'),
(45, 542, 1, 3, 3, 0, 0, 'caught', 372, 2, 0, 31, 0, 0, 0, 0, 0, 0, 'FALSE', 'FALSE'),
(45, 547, 7, 16, 8, 1, 0, 'caught', 366, 4, 0, 22, 2, 0, 0, 1, 0, 0, 'FALSE', 'FALSE'),
(45, 569, 0, 2, 1, 0, 0, 'caught', 366, 0, 0, 0, 0, 0, 0, 0, 0, 0, 'FALSE', 'FALSE'),
(45, 543, 41, 43, 30, 5, 1, 'caught', 385, 0, 0, 0, 0, 0, 0, 0, 0, 0, 'FALSE', 'FALSE'),
(45, 544, 69, 71, 50, 7, 0, 'caught', 374, 0, 0, 0, 0, 0, 0, 0, 0, 0, 'TRUE', 'TRUE'),
(45, 546, 1, 3, 2, 0, 0, 'caught', 385, 0, 0, 0, 0, 0, 0, 0, 0, 0, 'FALSE', 'FALSE'),
(45, 583, 18, 26, 18, 1, 0, 'caught', 372, 0, 0, 0, 0, 0, 0, 1, 0, 0, 'FALSE', 'FALSE'),
(45, 549, 2, 10, 4, 0, 0, 'caught', 372, 4, 0, 40, 0, 0, 0, 0, 0, 0, 'FALSE', 'FALSE'),
(45, 571, 4, 4, 4, 0, 0, 'NO', 0, 2, 0, 19, 0, 0, 0, 0, 0, 0, 'FALSE', 'FALSE'),
(45, 545, 0, 1, 0, 0, 0, 'NO', 0, 4, 0, 35, 1, 1, 1, 0, 0, 0, 'FALSE', 'FALSE'),
(45, 548, 0, 0, 0, 0, 0, '', 0, 4, 0, 21, 1, 0, 0, 0, 0, 0, 'FALSE', 'FALSE'),
(46, 590, 2, 10, 8, 0, 0, 'caught', 82, 0, 0, 0, 0, 0, 0, 1, 0, 0, 'FALSE', 'FALSE'),
(46, 593, 27, 48, 33, 3, 0, 'caught', 104, 0, 0, 0, 0, 0, 0, 0, 0, 0, 'FALSE', 'FALSE'),
(46, 594, 7, 16, 17, 1, 0, 'bowled', 89, 3, 0, 19, 1, 0, 0, 0, 0, 0, 'FALSE', 'FALSE'),
(46, 595, 45, 54, 40, 2, 0, 'NO', 0, 0, 0, 0, 0, 0, 0, 0, 0, 0, 'TRUE', 'FALSE'),
(46, 599, 28, 20, 13, 3, 2, 'bowled', 82, 0, 0, 0, 0, 0, 0, 0, 0, 0, 'FALSE', 'FALSE'),
(46, 591, 18, 6, 6, 1, 2, 'caught', 74, 1, 0, 12, 0, 0, 0, 0, 0, 0, 'FALSE', 'TRUE'),
(46, 606, 7, 6, 4, 1, 0, 'NO', 0, 3, 0, 21, 0, 0, 0, 0, 0, 0, 'FALSE', 'FALSE'),
(46, 600, 0, 0, 0, 0, 0, '', 0, 1, 0, 9, 0, 0, 0, 1, 0, 0, 'FALSE', 'FALSE'),
(46, 614, 0, 0, 0, 0, 0, '', 0, 4, 0, 27, 1, 7, 0, 1, 0, 0, 'FALSE', 'FALSE'),
(46, 596, 0, 0, 0, 0, 0, '', 0, 3, 0, 25, 1, 1, 0, 0, 0, 0, 'FALSE', 'FALSE'),
(46, 597, 0, 0, 0, 0, 0, '', 0, 3, 0, 29, 0, 1, 0, 0, 0, 0, 'FALSE', 'FALSE'),
(46, 97, 10, 22, 18, 2, 0, 'caught', 596, 0, 0, 0, 0, 0, 0, 0, 0, 0, 'TRUE', 'FALSE'),
(46, 88, 46, 62, 39, 2, 3, 'caught', 594, 0, 0, 0, 0, 0, 0, 0, 0, 0, 'FALSE', 'FALSE'),
(46, 66, 72, 59, 44, 6, 2, 'NO', 0, 0, 0, 0, 0, 0, 0, 1, 0, 0, 'FALSE', 'TRUE'),
(46, 71, 4, 16, 7, 0, 0, 'caught', 614, 0, 0, 0, 0, 0, 0, 1, 0, 0, 'FALSE', 'FALSE'),
(46, 67, 0, 1, 0, 0, 0, 'NO', 0, 0, 0, 0, 0, 0, 0, 1, 0, 0, 'FALSE', 'FALSE'),
(46, 72, 0, 0, 0, 0, 0, '', 0, 0, 0, 0, 0, 0, 0, 0, 0, 0, 'FALSE', 'FALSE'),
(46, 74, 0, 0, 0, 0, 0, '', 0, 4, 0, 48, 1, 1, 1, 0, 0, 0, 'FALSE', 'FALSE'),
(46, 82, 0, 0, 0, 0, 0, '', 0, 4, 0, 15, 2, 1, 0, 0, 0, 0, 'FALSE', 'FALSE'),
(46, 104, 0, 0, 0, 0, 0, '', 0, 4, 0, 21, 1, 0, 0, 0, 0, 0, 'FALSE', 'FALSE'),
(46, 89, 0, 0, 0, 0, 0, '', 0, 4, 0, 26, 1, 0, 0, 0, 0, 0, 'FALSE', 'FALSE'),
(46, 85, 0, 0, 0, 0, 0, '', 0, 4, 0, 28, 0, 1, 0, 0, 0, 0, 'FALSE', 'FALSE'),
(47, 65, 6, 8, 7, 1, 0, 'bowled', 397, 0, 0, 0, 0, 0, 0, 0, 0, 0, 'FALSE', 'FALSE'),
(47, 73, 26, 14, 10, 0, 4, 'bowled', 397, 0, 0, 0, 0, 0, 0, 0, 0, 0, 'FALSE', 'FALSE'),
(47, 66, 61, 74, 43, 2, 5, 'NO', 0, 0, 0, 0, 0, 0, 0, 0, 0, 0, 'FALSE', 'FALSE'),
(47, 67, 7, 9, 7, 0, 1, 'caught', 394, 0, 0, 0, 0, 0, 0, 0, 0, 0, 'FALSE', 'FALSE'),
(47, 68, 1, 4, 3, 0, 0, 'lbw', 65, 1, 0, 17, 0, 1, 0, 0, 0, 0, 'FALSE', 'FALSE'),
(47, 64, 2, 5, 6, 0, 0, 'bowled', 394, 0, 0, 0, 0, 0, 0, 0, 0, 0, 'TRUE', 'TRUE'),
(47, 71, 20, 7, 8, 0, 3, 'caught', 385, 3, 0, 37, 0, 1, 0, 0, 0, 0, 'FALSE', 'FALSE'),
(47, 70, 12, 13, 14, 1, 0, 'caught', 388, 3, 0, 38, 0, 0, 0, 0, 0, 0, 'FALSE', 'FALSE'),
(47, 69, 21, 25, 22, 2, 0, 'bowled', 389, 4, 0, 19, 1, 0, 0, 0, 0, 0, 'FALSE', 'FALSE'),
(47, 75, 0, 0, 0, 0, 0, '', 0, 4, 0, 20, 1, 1, 0, 0, 0, 0, 'FALSE', 'FALSE'),
(47, 77, 0, 0, 0, 0, 0, '', 0, 4, 0, 35, 1, 0, 3, 0, 0, 0, 'FALSE', 'FALSE'),
(47, 388, 1, 5, 4, 0, 0, 'lbw', 65, 2, 0, 7, 1, 0, 0, 0, 0, 0, 'FALSE', 'FALSE'),
(47, 363, 56, 88, 49, 2, 3, 'NO', 0, 0, 0, 0, 0, 0, 0, 1, 0, 0, 'TRUE', 'FALSE'),
(47, 396, 41, 26, 28, 4, 3, 'lbw', 65, 0, 0, 0, 0, 0, 0, 0, 0, 0, 'FALSE', 'FALSE'),
(47, 381, 31, 28, 20, 1, 3, 'bowled', 75, 0, 0, 0, 0, 0, 0, 0, 0, 0, 'FALSE', 'FALSE'),
(47, 374, 29, 26, 15, 3, 2, 'NO', 0, 0, 0, 0, 0, 0, 0, 1, 0, 0, 'FALSE', 'FALSE'),
(47, 385, 0, 0, 0, 0, 0, '', 0, 2, 0, 27, 1, 0, 0, 1, 0, 0, 'FALSE', 'FALSE'),
(47, 384, 0, 0, 0, 0, 0, '', 0, 4, 0, 18, 1, 2, 0, 0, 0, 0, 'FALSE', 'FALSE'),
(47, 394, 0, 0, 0, 0, 0, '', 0, 4, 0, 29, 2, 1, 0, 0, 0, 0, 'FALSE', 'FALSE'),
(47, 389, 0, 0, 0, 0, 0, '', 0, 4, 0, 42, 1, 0, 0, 0, 0, 0, 'FALSE', 'FALSE'),
(47, 392, 0, 0, 0, 0, 0, '', 0, 0, 0, 0, 0, 0, 0, 0, 0, 0, 'FALSE', 'FALSE'),
(47, 397, 0, 0, 0, 0, 0, '', 0, 4, 0, 36, 2, 0, 0, 0, 0, 0, 'FALSE', 'FALSE'),
(48, 65, 10, 29, 13, 0, 1, 'caught', 394, 0, 0, 0, 0, 0, 0, 0, 0, 0, 'FALSE', 'FALSE'),
(48, 73, 24, 15, 11, 5, 0, 'caught', 397, 0, 0, 0, 0, 0, 0, 0, 0, 0, 'FALSE', 'FALSE'),
(48, 66, 0, 4, 4, 0, 0, 'caught', 394, 0, 0, 0, 0, 0, 0, 0, 0, 0, 'FALSE', 'FALSE'),
(48, 68, 50, 33, 34, 3, 4, 'caught', 397, 2, 0, 17, 1, 0, 0, 0, 0, 0, 'FALSE', 'FALSE'),
(48, 64, 28, 57, 30, 2, 0, 'NO', 0, 0, 0, 0, 0, 0, 0, 1, 0, 0, 'TRUE', 'TRUE'),
(48, 71, 0, 3, 2, 0, 0, 'bowled', 384, 0, 0, 0, 0, 0, 0, 0, 0, 0, 'FALSE', 'FALSE'),
(48, 76, 19, 14, 16, 1, 1, 'caught', 389, 4, 0, 21, 0, 1, 0, 0, 0, 0, 'FALSE', 'FALSE'),
(48, 70, 15, 13, 10, 0, 1, 'NO', 0, 4, 0, 41, 2, 2, 0, 1, 0, 0, 'FALSE', 'FALSE'),
(48, 69, 0, 0, 0, 0, 0, '', 0, 4, 0, 15, 1, 0, 0, 0, 0, 0, 'FALSE', 'FALSE'),
(48, 75, 0, 0, 0, 0, 0, '', 0, 4, 0, 30, 1, 1, 0, 0, 0, 0, 'FALSE', 'FALSE'),
(48, 77, 0, 0, 0, 0, 0, '', 0, 2, 0, 19, 0, 0, 0, 0, 0, 0, 'FALSE', 'FALSE'),
(48, 388, 26, 22, 15, 3, 2, 'bowled', 75, 4, 0, 18, 0, 0, 0, 0, 0, 0, 'FALSE', 'FALSE'),
(48, 363, 69, 94, 55, 8, 1, 'NO', 0, 0, 0, 0, 0, 0, 0, 1, 0, 0, 'TRUE', 'FALSE'),
(48, 396, 10, 15, 19, 1, 0, 'lbw', 65, 0, 0, 0, 0, 0, 0, 1, 0, 0, 'FALSE', 'FALSE'),
(48, 381, 27, 35, 25, 2, 0, 'bowled', 70, 0, 0, 0, 0, 0, 0, 0, 0, 0, 'FALSE', 'FALSE'),
(48, 374, 0, 1, 1, 0, 0, 'caught', 70, 0, 0, 0, 0, 0, 0, 1, 0, 0, 'FALSE', 'FALSE'),
(48, 392, 5, 5, 3, 1, 0, 'caught', 68, 0, 0, 0, 0, 0, 0, 0, 0, 0, 'FALSE', 'FALSE'),
(48, 385, 1, 11, 2, 0, 0, 'NO', 0, 0, 0, 0, 0, 0, 0, 0, 0, 0, 'FALSE', 'FALSE'),
(48, 384, 0, 0, 0, 0, 0, '', 0, 4, 0, 21, 1, 0, 0, 1, 0, 0, 'FALSE', 'FALSE'),
(48, 394, 0, 0, 0, 0, 0, '', 0, 4, 0, 42, 2, 0, 0, 0, 0, 0, 'FALSE', 'FALSE'),
(48, 389, 0, 0, 0, 0, 0, '', 0, 4, 0, 36, 1, 1, 0, 1, 0, 0, 'FALSE', 'FALSE'),
(48, 397, 0, 0, 0, 0, 0, '', 0, 4, 0, 30, 2, 0, 0, 0, 0, 0, 'FALSE', 'FALSE'),
(49, 65, 50, 70, 46, 4, 0, 'caught', 655, 0, 0, 0, 0, 0, 0, 1, 0, 0, 'FALSE', 'FALSE'),
(49, 67, 36, 34, 23, 3, 2, 'bowled', 648, 0, 0, 0, 0, 0, 0, 0, 0, 0, 'FALSE', 'FALSE'),
(49, 64, 26, 26, 21, 0, 1, 'bowled', 655, 0, 0, 0, 0, 0, 0, 1, 1, 0, 'TRUE', 'TRUE'),
(49, 68, 41, 12, 18, 3, 4, 'caught', 666, 0, 0, 0, 0, 0, 0, 2, 0, 0, 'FALSE', 'FALSE'),
(49, 66, 10, 12, 8, 1, 0, 'bowled', 664, 0, 0, 0, 0, 0, 0, 0, 0, 0, 'FALSE', 'FALSE'),
(49, 71, 1, 10, 1, 0, 0, 'NO', 0, 3, 0, 26, 1, 0, 0, 0, 0, 0, 'FALSE', 'FALSE'),
(49, 70, 11, 2, 3, 1, 1, 'NO', 0, 2, 0, 20, 0, 1, 0, 0, 0, 0, 'FALSE', 'FALSE'),
(49, 69, 0, 0, 0, 0, 0, '', 0, 4, 0, 25, 0, 0, 0, 1, 0, 0, 'FALSE', 'FALSE'),
(49, 75, 0, 0, 0, 0, 0, '', 0, 3, 0, 26, 1, 2, 0, 0, 0, 0, 'FALSE', 'FALSE'),
(49, 77, 0, 0, 0, 0, 0, '', 0, 4, 0, 34, 2, 0, 0, 0, 0, 0, 'FALSE', 'FALSE'),
(49, 89, 0, 0, 0, 0, 0, '', 0, 4, 0, 21, 4, 0, 0, 1, 0, 0, 'FALSE', 'FALSE'),
(49, 649, 15, 10, 10, 3, 0, 'stumped', 71, 0, 0, 0, 0, 0, 0, 1, 0, 0, 'FALSE', 'FALSE'),
(49, 662, 41, 37, 22, 2, 3, 'caught', 89, 0, 0, 0, 0, 0, 0, 0, 0, 0, 'FALSE', 'FALSE'),
(49, 650, 11, 14, 9, 1, 0, 'caught', 77, 0, 0, 0, 0, 0, 0, 0, 0, 0, 'FALSE', 'TRUE'),
(49, 648, 8, 7, 10, 0, 0, 'caught', 89, 4, 0, 24, 1, 1, 0, 1, 0, 0, 'FALSE', 'FALSE'),
(49, 651, 8, 15, 13, 0, 0, 'caught', 89, 2, 0, 15, 0, 0, 0, 0, 0, 0, 'FALSE', 'FALSE'),
(49, 665, 16, 28, 20, 1, 0, 'caught', 75, 0, 0, 0, 0, 0, 0, 0, 0, 0, 'FALSE', 'FALSE'),
(49, 652, 11, 6, 8, 0, 1, 'bowled', 89, 4, 0, 29, 0, 0, 0, 0, 0, 0, 'FALSE', 'FALSE'),
(49, 646, 11, 26, 11, 1, 0, 'NO', 0, 0, 0, 0, 0, 0, 0, 0, 0, 0, 'TRUE', 'FALSE'),
(49, 655, 28, 15, 17, 0, 3, 'caught', 77, 3, 0, 32, 2, 0, 0, 0, 0, 0, 'FALSE', 'FALSE'),
(49, 666, 0, 1, 0, 0, 0, 'NO', 0, 3, 0, 31, 1, 1, 0, 0, 0, 0, 'FALSE', 'FALSE'),
(49, 664, 0, 0, 0, 0, 0, '', 0, 4, 0, 49, 1, 3, 0, 0, 0, 0, 'FALSE', 'FALSE'),
(50, 65, 14, 23, 13, 2, 0, 'caught', 110, 0, 0, 0, 0, 0, 0, 0, 0, 0, 'FALSE', 'FALSE'),
(50, 67, 5, 6, 3, 1, 0, 'caught', 116, 0, 0, 0, 0, 0, 0, 0, 0, 0, 'FALSE', 'FALSE'),
(50, 66, 5, 12, 8, 0, 0, 'caught', 116, 0, 0, 0, 0, 0, 0, 0, 0, 0, 'FALSE', 'FALSE'),
(50, 68, 67, 55, 43, 6, 2, 'caught', 116, 0, 0, 0, 0, 0, 0, 1, 0, 0, 'FALSE', 'FALSE'),
(50, 64, 11, 24, 23, 0, 0, 'caught', 110, 0, 0, 0, 0, 0, 0, 0, 0, 0, 'TRUE', 'TRUE'),
(50, 71, 31, 27, 23, 3, 1, 'bowled', 110, 4, 0, 27, 1, 0, 0, 0, 0, 0, 'FALSE', 'FALSE'),
(50, 70, 2, 7, 3, 0, 0, 'caught', 110, 2, 0, 9, 1, 1, 0, 1, 0, 0, 'FALSE', 'FALSE'),
(50, 69, 13, 3, 4, 3, 0, 'NO', 0, 4, 1, 31, 0, 0, 0, 0, 0, 0, 'FALSE', 'FALSE'),
(50, 75, 0, 1, 0, 0, 0, 'NO', 0, 2, 0, 26, 0, 1, 0, 1, 0, 0, 'FALSE', 'FALSE'),
(50, 77, 0, 0, 0, 0, 0, '', 0, 3, 0, 31, 0, 1, 0, 0, 0, 0, 'FALSE', 'FALSE'),
(50, 89, 0, 0, 0, 0, 0, '', 0, 3, 0, 29, 1, 0, 0, 0, 0, 0, 'FALSE', 'FALSE'),
(50, 113, 22, 33, 28, 4, 0, 'caught', 71, 3, 0, 13, 0, 0, 0, 0, 0, 0, 'FALSE', 'TRUE'),
(50, 123, 0, 6, 2, 0, 0, 'caught', 70, 0, 0, 0, 0, 0, 0, 1, 0, 0, 'FALSE', 'FALSE'),
(50, 125, 44, 50, 37, 5, 0, 'caught', 89, 0, 0, 0, 0, 0, 0, 3, 0, 0, 'FALSE', 'FALSE'),
(50, 110, 66, 45, 36, 4, 3, 'NO', 0, 4, 0, 38, 4, 0, 0, 0, 0, 0, 'FALSE', 'FALSE'),
(50, 115, 18, 20, 9, 3, 0, 'NO', 0, 0, 0, 0, 0, 0, 0, 0, 0, 0, 'FALSE', 'FALSE'),
(50, 118, 0, 0, 0, 0, 0, '', 0, 0, 0, 0, 0, 0, 0, 0, 0, 0, 'FALSE', 'FALSE'),
(50, 111, 0, 0, 0, 0, 0, '', 0, 2, 0, 7, 0, 0, 0, 0, 0, 0, 'FALSE', 'FALSE'),
(50, 112, 0, 0, 0, 0, 0, '', 0, 0, 0, 0, 0, 0, 0, 1, 0, 0, 'FALSE', 'FALSE'),
(50, 121, 0, 0, 0, 0, 0, '', 0, 4, 0, 44, 0, 1, 0, 0, 0, 0, 'FALSE', 'FALSE'),
(50, 119, 0, 0, 0, 0, 0, '', 0, 3, 0, 26, 0, 1, 0, 0, 0, 0, 'FALSE', 'FALSE'),
(50, 116, 0, 0, 0, 0, 0, '', 0, 4, 0, 24, 3, 2, 0, 1, 0, 0, 'FALSE', 'FALSE'),
(51, 500, 37, 45, 37, 3, 1, 'bowled', 76, 0, 0, 0, 0, 0, 0, 0, 0, 0, 'FALSE', 'FALSE'),
(51, 493, 1, 7, 7, 0, 0, 'caught', 68, 2, 0, 16, 0, 0, 0, 1, 0, 0, 'FALSE', 'FALSE'),
(51, 495, 46, 45, 27, 5, 1, 'lbw', 500, 1, 0, 9, 0, 0, 0, 0, 0, 0, 'FALSE', 'FALSE'),
(51, 511, 25, 45, 27, 2, 0, 'NO', 0, 1, 0, 9, 1, 0, 0, 0, 0, 0, 'FALSE', 'FALSE'),
(51, 508, 12, 17, 10, 1, 0, 'caught', 69, 0, 0, 0, 0, 0, 0, 0, 0, 0, 'FALSE', 'FALSE'),
(51, 496, 7, 6, 5, 1, 0, 'lbw', 500, 0, 0, 0, 0, 0, 0, 0, 0, 0, 'FALSE', 'TRUE'),
(51, 519, 6, 1, 5, 0, 0, 'caught', 69, 0, 0, 0, 0, 0, 0, 0, 1, 0, 'TRUE', 'FALSE'),
(51, 494, 0, 1, 1, 0, 0, 'bowled', 69, 4, 0, 28, 2, 1, 0, 0, 0, 0, 'FALSE', 'FALSE'),
(51, 492, 3, 2, 1, 0, 0, 'NO', 0, 4, 0, 21, 0, 0, 0, 2, 0, 0, 'FALSE', 'FALSE'),
(51, 506, 0, 0, 0, 0, 0, '', 0, 4, 0, 31, 2, 1, 0, 0, 0, 0, 'FALSE', 'FALSE'),
(51, 503, 0, 0, 0, 0, 0, '', 0, 4, 0, 32, 0, 2, 0, 0, 0, 0, 'FALSE', 'FALSE'),
(51, 65, 26, 50, 26, 4, 0, 'caught', 511, 0, 0, 0, 0, 0, 0, 0, 0, 0, 'FALSE', 'FALSE'),
(51, 67, 9, 7, 8, 1, 0, 'bowled', 506, 0, 0, 0, 0, 0, 0, 0, 0, 0, 'FALSE', 'FALSE'),
(51, 66, 2, 7, 5, 0, 0, 'caught', 506, 0, 0, 0, 0, 0, 0, 0, 0, 0, 'FALSE', 'FALSE'),
(51, 76, 25, 41, 35, 1, 0, 'caught', 494, 4, 0, 26, 2, 2, 0, 1, 0, 0, 'FALSE', 'FALSE'),
(51, 68, 17, 14, 9, 0, 2, 'stumped', 494, 2, 0, 20, 0, 0, 0, 0, 0, 0, 'FALSE', 'FALSE'),
(51, 64, 30, 33, 20, 3, 0, 'NO', 0, 0, 0, 0, 0, 0, 0, 0, 0, 0, 'TRUE', 'TRUE'),
(51, 71, 33, 29, 17, 1, 2, 'NO', 0, 0, 0, 0, 0, 0, 0, 1, 0, 0, 'FALSE', 'FALSE'),
(51, 69, 0, 0, 0, 0, 0, '', 0, 4, 0, 30, 3, 2, 0, 1, 0, 0, 'FALSE', 'FALSE'),
(51, 75, 0, 0, 0, 0, 0, '', 0, 3, 0, 26, 1, 2, 0, 0, 0, 0, 'FALSE', 'FALSE'),
(51, 80, 0, 0, 0, 0, 0, '', 0, 3, 0, 13, 1, 0, 0, 0, 0, 0, 'FALSE', 'FALSE'),
(51, 77, 0, 0, 0, 0, 0, '', 0, 4, 0, 36, 0, 0, 0, 0, 0, 0, 'FALSE', 'FALSE');

-- --------------------------------------------------------

--
-- Table structure for table `stadium`
--

DROP TABLE IF EXISTS `stadium`;
CREATE TABLE IF NOT EXISTS `stadium` (
  `idStadium` int(11) NOT NULL,
  `name` varchar(45) DEFAULT NULL,
  `city` varchar(45) DEFAULT NULL,
  `country` varchar(45) DEFAULT NULL,
  `latitude` varchar(45) DEFAULT NULL,
  `longitude` varchar(45) DEFAULT NULL,
  PRIMARY KEY (`idStadium`)
) ENGINE=InnoDB DEFAULT CHARSET=latin1;

--
-- Dumping data for table `stadium`
--

INSERT INTO `stadium` (`idStadium`, `name`, `city`, `country`, `latitude`, `longitude`) VALUES
(1, ' R Premadasa Stadium', 'Colombo', 'Sri Lanka', '79.833', '6.91'),
(2, 'Sardar Patel Stadium', 'Ahmedabad', 'India', '72.6167', '23.0333'),
(3, ' Vidarbha Cricket Association Stadium', 'Nagpur', 'India', '79.0926', '21.1438'),
(4, ' Punjab Cricket Association Stadium', 'Chandigarh', 'India', '76.7911', '30.7353'),
(5, ' Beausejour Stadium', 'StLucia', 'West Indies', '-60.9682', '13.8989'),
(6, 'Chinnaswamy Stadium', 'Bangalore', 'India', '77.5833', '12.9833'),
(7, 'Pallekele International Cricket Stadium', 'Pallekele', 'Sri Lanka', '80.71', '7.283'),
(8, 'Wankhade Stadium', 'Mumbai', 'India', '72.8258', '18.9647'),
(9, 'Melbourne Cricket Ground', 'Melbourne', 'Australia', '144.9667', '-37.7833'),
(10, 'Subrata Roy Sahara Stadium', 'Pune', 'India', '73.8478', '18.5236'),
(11, 'Moses Mahbida Stadium', 'Durban', 'South Africa', '31.0236', '-29.8697'),
(12, 'Queen''s Park Oval', 'PortOfSpain', 'West Indies', '-61.3372', '10.5956'),
(13, 'Old Trafford', 'Manchester', 'England', '-2.24', '53.48'),
(14, 'Eden Gardens', 'Kolkata', 'India', '88.3697', '22.5697'),
(15, 'Stadium Australia', 'Sydney', 'Australia', '151.2086', '-33.8683'),
(16, 'New Wanderers Stadium', 'Johanesberg', 'South Africa', '28.0667', '-26.2'),
(17, 'MA Chidambaram Stadium', 'Chennai', 'India', '80.274', '13.081'),
(18, 'Mahindra Rajapaksa Stadium', 'Hambantota', 'Sri Lanka', '81.1167', '6.1167'),
(19, 'W.A.C.A. Ground', 'Perth', 'Australia', '115.8585', '-31.9554'),
(20, 'Kensington Oval', 'Bridgetown', 'West Indies', '-59.6083', '13.0961'),
(21, 'Providence Stadium', 'Guyana', 'West Indies', '-58.582', '6.349'),
(22, 'Harare Sports Club', 'Harare', 'Zimbabwe', '31.0478', '-17.8514'),
(23, 'AMI Stadium', 'Christchurch', 'New Zealand', '172.6', '-43.5'),
(24, 'Westpac Stadium', 'Wellington', 'New Zealand', '174.7772', '-41.2889'),
(25, 'Trentbridge', 'Nottingham', 'England', '-1.18', '52.97'),
(26, 'Lord''s', 'London', 'England', '-0.1062', '51.5171'),
(27, 'Firozshah Kotla', 'Delhi', 'India', '77.3833', '29.0167'),
(28, 'Bangbandhu Stadium', 'Dhaka', 'Bangladesh', '90.3833', '23.7'),
(29, 'Brian Piccolo Park', 'FortLauderdale', 'USA', '-80.1436', '26.1219'),
(30, 'Adelaide Oval', 'Adelaide', 'Australia', '138.5833', '-34.9333'),
(31, 'Gabba', 'Brisbane', 'Australia', '153.0333', '-27.4667'),
(32, 'Sawi Mansingh Stadium', 'Jaipur', 'India', '75.82', '26.92'),
(33, 'Sabina Park', 'Kingston ', 'West Indies', '-77.2736', '18.1315'),
(34, 'St Mary''s Park', 'StKitts', 'West Indies', '-62.7182', '17.2827'),
(35, 'Windsor Park', 'Dominica', 'West Indies', '-61.3607', '15.4058'),
(36, 'Sir Vivian Richards Stadium', 'Antigua', 'West Indies', '-61.8', '17.05'),
(37, 'Sheikh Zayed Stadium', 'AbuDhabi', 'UAE', '54.38', '24.47'),
(38, 'Sharjah Cricket Stadium', 'Sharjah', 'UAE', '55.5064', '25.2931');

-- --------------------------------------------------------

--
-- Table structure for table `team`
--

DROP TABLE IF EXISTS `team`;
CREATE TABLE IF NOT EXISTS `team` (
  `idTeam` int(11) NOT NULL,
  `name` varchar(45) DEFAULT NULL,
  `rank` int(11) DEFAULT NULL,
  PRIMARY KEY (`idTeam`)
) ENGINE=InnoDB DEFAULT CHARSET=latin1;

--
-- Dumping data for table `team`
--

INSERT INTO `team` (`idTeam`, `name`, `rank`) VALUES
(0, 'Name', 0),
(1, 'India', 0),
(2, 'Sri Lanka', 0),
(3, 'Pakistan', 0),
(4, 'England', 0),
(5, 'South Africa', 0),
(6, 'West Indies', 0),
(7, 'Australia', 0),
(8, 'New Zealand', 0),
(9, 'Zimbabwe', 0),
(10, 'Bangladesh', NULL);
